,Target User,Tweet Text,Compound Score,Positive Score,Negative Score,Neutral Score,Date and Time
0,bbcworld,Kerala flood aftermath: Battling snakes and sewage to clean a city https://t.co/Q1hiRCs7gl,0.1531,0.196,0.152,0.652,2018-10-02 21:46:40+00:00
1,bbcworld,"These goats work for @CityofEdmonton as weed-eating machines 

Tap to expand üêêüêêüêêhttps://t.co/IYySrnSt2E https://t.co/67uzEPLk9j",0.3182,0.161,0.0,0.839,2018-10-02 21:09:22+00:00
2,bbcworld,Shannon and Cork airports hit by 'significant' failure https://t.co/4137DQmnq3,-0.5106,0.0,0.292,0.708,2018-10-02 20:44:07+00:00
3,bbcworld,RT @BBCNews: Dunkin' Donuts workers sacked after homeless man drenched https://t.co/CcAML4GqCs,0.0,0.0,0.0,1.0,2018-10-02 20:18:59+00:00
4,bbcworld,Partners announce $31bn investment in Canada LNG project https://t.co/bR54Jx4Xn8,0.0,0.0,0.0,1.0,2018-10-02 20:17:49+00:00
5,bbcworld,Iraq parliament elects Barham Salih as country's new president https://t.co/N0As1c5mVu,0.0,0.0,0.0,1.0,2018-10-02 20:17:22+00:00
6,bbcworld,US arrests four Charlottesville Unite the Right 'rioters' https://t.co/Xu9CMwkBSc,-0.4404,0.0,0.266,0.734,2018-10-02 20:17:16+00:00
7,bbcworld,"RT @BBCNews: What a welcome back from maternity leave! ü§ó‚ù§Ô∏è 

Hugs for Kate at her first engagement since having Prince Louis in April üë∂‚Ä¶",0.8516,0.32,0.04,0.64,2018-10-02 19:17:10+00:00
8,bbcworld,S-300 missile system: Russia upgrades Syrian air defences https://t.co/WX3MHuC8Ni,-0.0516,0.0,0.13,0.87,2018-10-02 19:12:30+00:00
9,bbcworld,Google to stream Assassin's Creed for free in test https://t.co/3GfEaaagOd,0.5106,0.268,0.0,0.732,2018-10-02 18:26:55+00:00
10,bbcworld,Tesla production hits all time high https://t.co/zz0bqn8JiD,0.0,0.0,0.0,1.0,2018-10-02 18:24:54+00:00
11,bbcworld,Trump: 'Scary and difficult time for young men' in US https://t.co/DD6VSUBwr7,-0.6908,0.0,0.388,0.612,2018-10-02 17:44:15+00:00
12,bbcworld,France blames Iran for foiled Paris bomb plot https://t.co/jUzmABR4yJ,-0.7096,0.0,0.457,0.543,2018-10-02 17:30:57+00:00
13,bbcworld,Saudi woman 'barred from marrying man who played musical instrument' https://t.co/we9rnouw9J,0.34,0.194,0.0,0.806,2018-10-02 17:30:53+00:00
14,bbcworld,"RT @bbcworldservice: How a bike accident transformed the lives of thousands of disabled people. Full story: https://t.co/95L1wm4InK
#BBCInn‚Ä¶",-0.4767,0.0,0.162,0.838,2018-10-02 17:12:19+00:00
15,bbcworld,RT @bbcworldservice: Donna Strickland speaks to us about becoming the third woman to ever win the #NobelPrize for Physics. https://t.co/Y2u‚Ä¶,0.5859,0.167,0.0,0.833,2018-10-02 17:11:45+00:00
16,bbcworld,'Ricin poison' packages sent to Pentagon https://t.co/nG7jjKbAw3,-0.5423,0.0,0.368,0.632,2018-10-02 17:10:05+00:00
17,bbcworld,Irish to consult on EU proposals to end 'daylight hours' https://t.co/ItZ1HQlByM,0.0,0.0,0.0,1.0,2018-10-02 16:58:24+00:00
18,bbcworld,Tensions rise as US threatens to 'take out' Russian missiles https://t.co/8u4GBVYg7J,-0.6486,0.0,0.371,0.629,2018-10-02 16:51:32+00:00
19,bbcworld,"Peggy Sue Gerron, inspiration for Buddy Holly song, dies aged 78 https://t.co/6s3sL7P0LR",0.5267,0.236,0.0,0.764,2018-10-02 16:29:03+00:00
20,bbcworld,Dozens killed in ethnic conflict in western Ethiopia https://t.co/0qjhhXafRM,-0.7783,0.0,0.493,0.507,2018-10-02 16:26:56+00:00
21,bbcworld,"How US teens talk about Kavanaugh and sexual consent

(Tap to expand) https://t.co/RmyJ2FjHUi https://t.co/AjMtEs4rij",0.2263,0.128,0.0,0.872,2018-10-02 15:53:21+00:00
22,bbcworld,Italy Lucano: Migrant-friendly mayor of Riace arrested https://t.co/SInK9s3BSg,-0.4767,0.0,0.307,0.693,2018-10-02 15:46:23+00:00
23,bbcworld,Donna Strickland: The 'laser jock' #NobelPrize winner https://t.co/YcwSLaWuWA,0.5859,0.352,0.0,0.648,2018-10-02 15:45:15+00:00
24,bbcworld,US ends diplomatic visas for UN same-sex partners https://t.co/CzdUVh8XHh,0.0,0.0,0.0,1.0,2018-10-02 15:40:34+00:00
25,bbcworld,"A horse walks into a bar

*causes chaos üêé

(tap to expand)

https://t.co/Pt5mDA8IQD https://t.co/Abj3PFN4Tq",-0.5719,0.0,0.252,0.748,2018-10-02 15:21:04+00:00
26,bbcworld,‚ÄòSpouse killer‚Äô law considered by Irish government https://t.co/eo2MBbHJF8,0.0,0.0,0.0,1.0,2018-10-02 13:59:35+00:00
27,bbcworld,"Rescue operation under way after fire on ferry in Baltic Sea 

https://t.co/Oy1znWj7Jo",0.2263,0.21,0.153,0.637,2018-10-02 13:57:25+00:00
28,bbcworld,"RT @BBCSport: A spectator has lost her sight in one eye after being hit by a golf ball at the Ryder Cup.

She is considering legal action.‚Ä¶",-0.2023,0.056,0.086,0.858,2018-10-02 13:43:53+00:00
29,bbcworld,Daughter of AfD politician in poetry slam row https://t.co/5aQMrOEUuI,-0.3818,0.0,0.245,0.755,2018-10-02 13:07:00+00:00
30,bbcworld,"At least 13 killed in suicide bombing at Afghan election rally 

https://t.co/ngYPmy4SVA",-0.875,0.0,0.474,0.526,2018-10-02 13:01:55+00:00
31,bbcworld,Dutch ban electric child cart after Oss rail deaths https://t.co/09wkSiEdOJ,-0.5574,0.0,0.286,0.714,2018-10-02 12:59:39+00:00
32,bbcworld,Ronald Shurer: Medal of Honor awarded to Secret Service agent https://t.co/c7V3zwcVyw,0.8402,0.529,0.0,0.471,2018-10-02 11:33:08+00:00
33,bbcworld,Cristiano Ronaldo rape allegation: Las Vegas police reopen case https://t.co/Tz6HnJmYRZ,-0.6908,0.0,0.343,0.657,2018-10-02 11:27:37+00:00
34,bbcworld,"The terrifying moment the Indonesian earthquake turned the ground to liquid 

https://t.co/y3ssbRm1p1 https://t.co/YInMG410JI",-0.5719,0.0,0.236,0.764,2018-10-02 11:07:17+00:00
35,bbcworld,The places America's rich and poor call home https://t.co/NlkzZDn0H2,0.128,0.263,0.226,0.511,2018-10-02 10:52:00+00:00
36,bbcworld,South China Sea: Chinese ship forces US destroyer off course https://t.co/eScQB6w9YK,-0.4588,0.0,0.231,0.769,2018-10-02 10:41:00+00:00
37,bbcworld,FBI agent shot by booby-trapped wheelchair in Oregon https://t.co/wUYYHfAbOj,0.0,0.0,0.0,1.0,2018-10-02 10:40:13+00:00
38,bbcworld,"Laser breakthroughs win physics #NobelPrize 

https://t.co/AGS8p3uo43",0.5859,0.432,0.0,0.568,2018-10-02 10:15:41+00:00
39,bbcworld,"New hummingbird species spotted in Ecuador 

https://t.co/32dpeBeoq4",0.0,0.0,0.0,1.0,2018-10-02 10:06:39+00:00
40,bbcworld,"Kim Kardashian 'most dangerous celebrity to search online' 

https://t.co/HNDlPsJkzJ üëÄ",-0.5256,0.0,0.274,0.726,2018-10-02 09:59:02+00:00
41,bbcworld,Australian man convicted of encouraging wife's suicide https://t.co/MIP9pjWUEe,-0.2732,0.245,0.324,0.432,2018-10-02 09:55:18+00:00
42,bbcworld,Melania Trump: US first lady set for solo Africa trip https://t.co/0fkV9hKNmy,0.0,0.0,0.0,1.0,2018-10-02 09:54:09+00:00
43,bbcworld,"At 93, Mahathir Mohamad is the world's oldest elected leader. 

Can he salvage Malaysia and lead it back to a brigh‚Ä¶ https://t.co/a6G1iDnIVs",0.0,0.0,0.0,1.0,2018-10-02 09:43:38+00:00
44,bbcworld,"The real life story of 'The Terminal' - without a happy Hollywood ending. 

Syrian Hassan al-Kontar spent months li‚Ä¶ https://t.co/ZVhHVzyVBq",-0.4585,0.0,0.15,0.85,2018-10-02 09:13:35+00:00
45,bbcworld,Syrian man Hassan al-Kontar removed from Malaysia airport https://t.co/PKwBW7HkWM,0.0,0.0,0.0,1.0,2018-10-02 08:30:28+00:00
46,bbcworld,"RT @BBCSport: It sounds horrific.

A spectator hit by a Brooks Koepka tee shot at the Ryder Cup says she has lost sight in her right eye an‚Ä¶",-0.7717,0.0,0.218,0.782,2018-10-02 07:57:55+00:00
47,bbcworld,Melania Trump in Africa: Can she become a fashion ambassador for Ghana? https://t.co/f9gRJgXVzy,0.0,0.0,0.0,1.0,2018-10-02 07:44:56+00:00
48,bbcworld,"Indonesia death toll rises over 1,200 https://t.co/AKiPMHjAiC",-0.5994,0.0,0.394,0.606,2018-10-02 06:59:24+00:00
49,bbcworld,"RT @BBCBreaking: Number of people killed in Indonesia quake and tsunami rises to more than 1,200, officials say https://t.co/TZucu47QUz",-0.6369,0.057,0.197,0.746,2018-10-02 06:56:12+00:00
50,bbcworld,"RT @BBCMaryam: A study shows Britons are working harder and faster than at any time in the past 25 years, but productivity has stagnated. H‚Ä¶",0.0,0.0,0.0,1.0,2018-10-02 06:41:45+00:00
51,bbcworld,"RT @BBCBreaking: @pakhead Atmosphere transforms from anger to jubilation as police back down and let crowds into shops, @pakhead reports #P‚Ä¶",-0.5719,0.0,0.156,0.844,2018-10-02 06:26:10+00:00
52,bbcworld,RT @BBCBreaking: BBC's @pakhead sees police fire shots and tear gas as desperation grows in Indonesia's disaster-stricken #Palu https://t.c‚Ä¶,-0.6597,0.0,0.241,0.759,2018-10-02 06:14:28+00:00
53,bbcworld,Indonesia tsunami: Images of debris and survival https://t.co/RrCVz9nKE2,0.0,0.0,0.0,1.0,2018-10-02 04:12:19+00:00
54,bbcworld,Indonesian quake: Bodies found in church buried by landslide https://t.co/m0L675rcBH,0.0,0.0,0.0,1.0,2018-10-02 02:49:24+00:00
55,bbcworld,Trump: FBI can question 'anybody' about Kavanaugh https://t.co/eXJK3LPjWA,0.0,0.0,0.0,1.0,2018-10-01 23:56:42+00:00
56,bbcworld,Indonesia tsunami: Palu hit by 'worst case scenario' https://t.co/pK0UoU7Noc,-0.6249,0.0,0.339,0.661,2018-10-01 23:14:48+00:00
57,bbcworld,How commonly do drinkers suffer blackouts? https://t.co/wU2MfGsRo4,-0.5423,0.0,0.368,0.632,2018-10-01 21:48:40+00:00
58,bbcworld,Gaza: Coding in a conflict zone https://t.co/KknFZA0lob,-0.3182,0.0,0.315,0.685,2018-10-01 21:37:12+00:00
59,bbcworld,Mexico students v the state: Anniversary of 1968 massacre reopens recent wounds https://t.co/iIWHR2ffXL,0.0,0.0,0.0,1.0,2018-10-01 21:33:25+00:00
60,bbcworld,USMCA trade deal: Who gets what from 'new Nafta'? https://t.co/vjLwgGnPNg,0.0,0.0,0.0,1.0,2018-10-01 19:45:07+00:00
61,bbcworld,Sigur R√≥s drummer Orri P√°ll D√Ωrason quits band amid rape claim https://t.co/73nF647C6y,-0.6908,0.0,0.299,0.701,2018-10-01 19:31:39+00:00
62,bbcworld,"RT @BBCNews: It's a year since the Las Vegas mass shooting, in which 58 people were killed &amp; hundreds injured 

@CliveMyrieBBC returns to s‚Ä¶",-0.802,0.0,0.255,0.745,2018-10-01 18:57:30+00:00
63,bbcworld,"‚ÄúI can honestly say I‚Äôve never had a beer in my life‚Äù ‚Äî Donald Trump gets personal, when asked about Brett Kavanaug‚Ä¶ https://t.co/Xh01tiO9r2",0.4588,0.13,0.0,0.87,2018-10-01 18:35:49+00:00
64,bbcworld,Sir Paul McCartney photo-bombs newlyweds in Winnipeg https://t.co/ycjdi6fCq4,0.0,0.0,0.0,1.0,2018-10-01 17:43:13+00:00
65,bbcworld,Catalan protests: Rallies mark one year since independence vote https://t.co/8NV8M9YGUz,-0.2263,0.0,0.174,0.826,2018-10-01 17:23:33+00:00
66,bbcworld,"This gender reveal party sparked a massive 47,000 acre wildfire https://t.co/AvKf6BedQz",0.4019,0.231,0.0,0.769,2018-10-01 17:00:29+00:00
67,bbcworld,RT @BBCNorthAmerica: We'd like to speak to millennial couples in same-sex marriages. ‚ù§Ô∏èüè≥Ô∏è‚Äçüåà Millennials are thought to be behind a drop in‚Ä¶,0.1027,0.106,0.089,0.805,2018-10-01 16:55:11+00:00
68,bbcworld,Do you know who owns this locket? https://t.co/08GF5V9XcR,0.0,0.0,0.0,1.0,2018-10-01 16:53:31+00:00
69,bbcworld,France's Macron causes stir over 'raised middle finger' photo https://t.co/wIn94MtVEy,0.0,0.0,0.0,1.0,2018-10-01 16:46:47+00:00
70,bbcworld,Cern scientist Alessandro Strumia suspended after comments https://t.co/Ffi8OM81UW,-0.4767,0.0,0.307,0.693,2018-10-01 16:46:37+00:00
71,bbcworld,Acapulco official given deadline to find missing police guns https://t.co/dNU8uIsLKh,-0.296,0.0,0.196,0.804,2018-10-01 16:45:05+00:00
72,bbcworld,"RT @BBCNewsbeat: The New York City Police Department has told Newsbeat that charges are ""pending""

https://t.co/xeKTADkm3P",-0.2732,0.0,0.123,0.877,2018-10-01 16:15:48+00:00
73,bbcworld,"""USMCA - has a good ring to it.""

US President Donald Trump announces the new trade deal that will replace Nafta‚Ä¶ https://t.co/x9YAVvSJqN",0.4404,0.132,0.0,0.868,2018-10-01 15:53:09+00:00
74,bbcworld,Contaminated bootleg alcohol kills at least 42 in Iran https://t.co/gq8SB5al5s,-0.5423,0.0,0.28,0.72,2018-10-01 15:47:56+00:00
75,bbcworld,"RT @bbcstories: ‚ö°Ô∏è ‚ÄúZika Love Stories‚Äù - @williamkremer travels to Brazil to meet children and parents affected by the Zika crisis.

https:‚Ä¶",-0.128,0.151,0.204,0.645,2018-10-01 15:43:14+00:00
76,bbcworld,Chemnitz arrests: Six held for alleged far-right militancy in German city https://t.co/fQvy3wjIPz,-0.4404,0.0,0.209,0.791,2018-10-01 15:40:36+00:00
77,bbcworld,Brett Kavanaugh's classmate says he lied about drinking https://t.co/hj3YlZ8nF9,-0.3818,0.0,0.245,0.755,2018-10-01 15:19:51+00:00
78,bbcworld,Bolivia sea dispute: UN rules in Chile's favour https://t.co/wX9u9vy7eo,0.0516,0.23,0.214,0.556,2018-10-01 14:51:28+00:00
79,bbcworld,"RIP Charles Aznavour

The son of Armenian immigrants who sold more than 180m records and was named ""entertainer of‚Ä¶ https://t.co/KQGgnZThZm",0.3818,0.12,0.0,0.88,2018-10-01 14:22:52+00:00
80,bbcworld,"Seen from the sky, this is the immense destruction caused by an earthquake and tsunami in Indonesia 

(Tap to expan‚Ä¶ https://t.co/b3WsBAoiDJ",-0.5719,0.0,0.156,0.844,2018-10-01 14:08:15+00:00
81,bbcworld,RT @rebeccahenschke: https://t.co/rtbB0B8DQj,0.0,0.0,0.0,1.0,2018-10-01 13:22:15+00:00
82,bbcworld,"Hot air balloon hits pylon in Germany, with six rescued https://t.co/6OlCzwpdMR",0.4215,0.219,0.0,0.781,2018-10-01 12:54:46+00:00
83,bbcworld,Former Miss Iraq 'threatened' after fellow Instagram star's murder https://t.co/8lWlfESxd7,-0.743,0.0,0.441,0.559,2018-10-01 12:43:18+00:00
84,bbcworld,"RT @BBCBreaking: French singer and songwriter Charles Aznavour has died aged 94 after a career lasting more than 80 years, a spokesman says‚Ä¶",-0.5574,0.0,0.153,0.847,2018-10-01 12:21:47+00:00
85,bbcworld,Sophia Goulden: Design of first statue of Manx woman revealed https://t.co/RCYWQNt5Ml,0.0,0.0,0.0,1.0,2018-10-01 11:53:57+00:00
86,bbcworld,"RT @BBC_HaveYourSay: What's the best way to get good tips as a waiter or waitress? 

Tell us your tips on tipping:  
‚úâÔ∏èHaveYourSay@bbc.co.u‚Ä¶",0.7964,0.272,0.0,0.728,2018-10-01 11:47:10+00:00
87,bbcworld,Postal workers vote for strike ballot over 'horrific' cuts https://t.co/eYBalXYh21,-0.4019,0.0,0.316,0.684,2018-10-01 11:46:26+00:00
88,bbcworld,"""We need to eat""

Survivors of the earthquake and tsunami in Indonesia have been looting shops and petrol stations‚Ä¶ https://t.co/mKViX31E8Y",0.0,0.0,0.0,1.0,2018-10-01 11:45:30+00:00
89,bbcworld,Iranian diplomat faces extradition from Germany over 'bomb plot' https://t.co/zF7roI6mkM,-0.4939,0.0,0.262,0.738,2018-10-01 11:39:04+00:00
90,bbcworld,Canada country profile https://t.co/fy2h9XpSgo,0.0,0.0,0.0,1.0,2018-10-01 10:45:49+00:00
91,bbcworld,"This singer wants to challenge attitudes towards women in Kyrgyzstan, a deeply traditional country.

Now she's rece‚Ä¶ https://t.co/noqEYvjkYn",0.0772,0.075,0.0,0.925,2018-10-01 10:30:52+00:00
92,bbcworld,Sweden country profile https://t.co/B4KAsKkzFn,0.0,0.0,0.0,1.0,2018-10-01 09:54:40+00:00
93,bbcworld,Indonesia earthquake and tsunami: How warning system failed the victims https://t.co/Anw3otXgYj,-0.7906,0.0,0.5,0.5,2018-10-01 09:50:53+00:00
94,bbcworld,Macedonia referendum: PM vows to go ahead with name change https://t.co/CrcQCA3CTS,0.0,0.0,0.0,1.0,2018-10-01 09:28:55+00:00
95,bbcworld,Indonesia earthquake and tsunami: Dead buried in mass grave https://t.co/VwqtnwdB4l,-0.7845,0.0,0.463,0.537,2018-10-01 09:17:12+00:00
96,bbcworld,Koreas begin clearing landmines from heavily fortified border https://t.co/Ppa8vJTBPq,0.0,0.0,0.0,1.0,2018-10-01 09:13:08+00:00
97,bbcworld,Scientist angers audience with views on women in physics https://t.co/LhxQ24iXgt,-0.5106,0.0,0.268,0.732,2018-10-01 08:50:50+00:00
98,bbcworld,"Indonesia earthquake and tsunami: Desperate search for survivors continues, as officials confirm at least 844 have‚Ä¶ https://t.co/6J0xBC74K6",-0.3182,0.0,0.126,0.874,2018-10-01 08:47:03+00:00
99,bbcworld,Survivors guard rubble of Indonesian tsunami town https://t.co/JeQws3B27i,0.0,0.0,0.0,1.0,2018-10-01 06:55:23+00:00
100,cbsnews,Man loses legs after contracting rare blood infection from dog saliva https://t.co/vIhBYlyIkR https://t.co/4vXNksmDXh,-0.3182,0.0,0.161,0.839,2018-10-02 21:29:52+00:00
101,cbsnews,"President Trump: ""This is a very scary time for young men in America."" https://t.co/2OuJNNlUgf https://t.co/PjzGbqeC3s",-0.5413,0.0,0.212,0.788,2018-10-02 21:19:57+00:00
102,cbsnews,"Hillary Clinton on Brett Kavanaugh: ""There's a lot to be concerned about"" https://t.co/cPPgVadwlA https://t.co/EGOEg2BZOF",0.0,0.0,0.0,1.0,2018-10-02 20:59:35+00:00
103,cbsnews,GARBAGE LOCKS AND THE THREE BEARS: These firefighters were determined to confront whoever was ransacking their garb‚Ä¶ https://t.co/qmhLQPkF94,0.1779,0.119,0.085,0.796,2018-10-02 20:40:08+00:00
104,cbsnews,POTSHOTS: Pro-marijuana protesters confronted Maryland Rep. Andy Harris outside his office over his opposition to u‚Ä¶ https://t.co/acKAspcBSn,-0.4019,0.0,0.198,0.802,2018-10-02 20:19:30+00:00
105,cbsnews,Four members of a militant white supremacist group from California arrested for allegedly trying to incite a riot a‚Ä¶ https://t.co/aKBtg8Eq9d,-0.7351,0.065,0.289,0.647,2018-10-02 19:59:51+00:00
106,cbsnews,"""We listened to our critics"": Jeff Bezos, the richest man in the world, is now supporting the Fight for $15 minimum‚Ä¶ https://t.co/4azhZnlB2w",0.5719,0.226,0.093,0.681,2018-10-02 19:39:35+00:00
107,cbsnews,"RT @CBSThisMorning: You‚Äôll be getting a text from President Trump beginning Wednesday at 2:18 p.m. ET -- and no, you can‚Äôt opt out: https:/‚Ä¶",-0.296,0.0,0.091,0.909,2018-10-02 19:37:36+00:00
108,cbsnews,"Two packages with suspected ricin sent to Pentagon ‚Äî one addressed to Defense Secretary James Mattis, the other to‚Ä¶ https://t.co/wAwmKaqxqQ",-0.1027,0.074,0.093,0.833,2018-10-02 19:19:50+00:00
109,cbsnews,"""CBS This Morning"" co-hosts share their favorite podcast interviews https://t.co/XO3U1JlYPy https://t.co/8LItumc33V",0.6369,0.366,0.0,0.634,2018-10-02 18:59:59+00:00
110,cbsnews,HAPPENING NOW: President Trump is speaking at a convention in Philadelphia amid Supreme Court fight‚Ä¶ https://t.co/aQYYKPpRbF,0.5574,0.205,0.0,0.795,2018-10-02 18:59:35+00:00
111,cbsnews,WATCH: Democratic Senators address Kavanaugh controversy https://t.co/8U8OrI51bu https://t.co/Jxk8XDRyal,0.0,0.0,0.0,1.0,2018-10-02 18:43:18+00:00
112,cbsnews,Kids cost parents most when they're adults https://t.co/yKoDu2eU4j https://t.co/pHgEd4jgoQ,0.0,0.0,0.0,1.0,2018-10-02 18:39:42+00:00
113,cbsnews,WATCH: GOP Senators are addressing the FBI's investigation of Kavanaugh and accusations against him‚Ä¶ https://t.co/eDunEYr8fh,-0.3182,0.0,0.141,0.859,2018-10-02 18:32:02+00:00
114,cbsnews,Helicopter called to Penn State tailgate after crowd becomes rowdy https://t.co/QepCAEuZBg https://t.co/fICFVsww2Y,0.0,0.0,0.0,1.0,2018-10-02 18:19:38+00:00
115,cbsnews,4 members of white supremacist group arrested in violent 2017 Charlottesville rally https://t.co/xc6hJHLVXY https://t.co/teljuGsfnn,-0.7579,0.081,0.378,0.541,2018-10-02 18:14:47+00:00
116,cbsnews,"TAILGATE TERROR: When the crowd outside the Penn State-Ohio State game began assaulting police horses, the state po‚Ä¶ https://t.co/qb8GmnQlgP",-0.8143,0.0,0.304,0.696,2018-10-02 17:58:38+00:00
117,cbsnews,"President Trump: ""I remember my college days, everybody was drinking. It was like normal. I was abnormal. It was to‚Ä¶ https://t.co/5Wj2T3dCDz",0.3612,0.116,0.0,0.884,2018-10-02 17:32:54+00:00
118,cbsnews,President Trump: It's a scary time for young men. https://t.co/T86FLolQGG https://t.co/9Hu3XzYzXV,-0.4939,0.0,0.262,0.738,2018-10-02 17:31:10+00:00
119,cbsnews,"WATCH: Pres. Trump says new trade deal with Canada and Mexico has gotten ""tremendous reviews.""‚Ä¶ https://t.co/BB0ldk4W52",0.0,0.0,0.0,1.0,2018-10-02 17:24:02+00:00
120,cbsnews,"RT @CBSThisMorning: As the #CTMPodcast celebrates two years this week, @GayleKing, @jdickerson and @NorahODonnell share their favorite epis‚Ä¶",0.836,0.372,0.0,0.628,2018-10-02 16:49:55+00:00
121,cbsnews,"U.N. nuke agency won't take Israel leader Benjamin Netanyahu's Iran allegations ""at face value""‚Ä¶ https://t.co/aIcXZHp9bI",0.0,0.0,0.0,1.0,2018-10-02 16:44:32+00:00
122,cbsnews,WATCH: Rep. Nancy Pelosi addresses Kavanaugh accusations as FBI investigates Supreme Court nominee‚Ä¶ https://t.co/Su6kGEq4II,0.3182,0.201,0.128,0.67,2018-10-02 16:34:18+00:00
123,cbsnews,Man wins $1 million in New Jersey lottery using fortune cookie numbers https://t.co/DcxRkf7HbJ https://t.co/ORS9M9ssh0,0.5719,0.222,0.0,0.778,2018-10-02 16:29:54+00:00
124,cbsnews,The first ladies exchanged gifts and sat for a private tea for 30 minutes at Ghana's presidential palace on Tuesday‚Ä¶ https://t.co/9jG0U8sHX2,0.0,0.0,0.0,1.0,2018-10-02 16:15:12+00:00
125,cbsnews,"Officials urge citizens not to approach murder suspect Kirby Wallace if seen, but to call authorities‚Ä¶ https://t.co/jOTGn6RPlN",0.1948,0.125,0.084,0.791,2018-10-02 16:08:44+00:00
126,cbsnews,WATCH: Officials give an update on the manhunt for a murder suspect accused of killing two people in northern Tenne‚Ä¶ https://t.co/cmFOzvRkJI,-0.926,0.0,0.458,0.542,2018-10-02 16:04:53+00:00
127,cbsnews,Hundreds stranded on Baltic Sea ferry after engine failure https://t.co/8GXiZaEEzd https://t.co/rdcIBa0YKd,-0.5106,0.0,0.248,0.752,2018-10-02 16:00:53+00:00
128,cbsnews,Woman blinded in one eye by Brooks Koepka tee shot at Ryder Cup https://t.co/gRdtt4ljFe https://t.co/CSopiVfHX5,0.0,0.0,0.0,1.0,2018-10-02 15:59:58+00:00
129,cbsnews,"""America To Me"": School committed to diversity confronted with its own inequity https://t.co/cxoX1iLjoB https://t.co/OnYA0LqbHj",0.0772,0.132,0.113,0.755,2018-10-02 15:44:38+00:00
130,cbsnews,"Texas surf resort tested after surfer dies from ""brain-eating amoeba"" https://t.co/tSWdQ3Pxj2 https://t.co/WgssCx74Fo",0.0,0.0,0.0,1.0,2018-10-02 15:30:01+00:00
131,cbsnews,Dunkin' Donuts fires workers for dumping water on homeless man https://t.co/UCSmK1jYTs https://t.co/7UVWzUtU3Q,-0.3182,0.0,0.173,0.827,2018-10-02 15:14:45+00:00
132,cbsnews,This 8-year-old girl became a barber before starting 2nd grade. Now she gives free haircuts to neighborhood kids --‚Ä¶ https://t.co/oh9Abcagms,0.5106,0.155,0.0,0.845,2018-10-02 15:00:53+00:00
133,cbsnews,NEW RECORD: Brazil's Maya Gaberia rode a 68-foot wave in Portugal and nearly drowned en route to become a world rec‚Ä¶ https://t.co/a8aFLLiSDN,-0.5994,0.0,0.17,0.83,2018-10-02 14:41:04+00:00
134,cbsnews,"To kick off Breast Cancer Awareness Month, tennis great Serena Williams goes topless and sings ""I Touch Myself"" in‚Ä¶ https://t.co/vqomlhwLVI",-0.0772,0.155,0.166,0.679,2018-10-02 14:20:38+00:00
135,cbsnews,"Tom Petty's daughter reflects on the pain and catharsis of making ""An American Treasure"" https://t.co/a1td4pq6Ij https://t.co/jsFMhatEzZ",-0.2732,0.113,0.169,0.718,2018-10-02 14:00:38+00:00
136,cbsnews,"Senator Joni Ernst says her support of Judge Brett Kavanaugh shows women that ""we are innocent until proven guilty""‚Ä¶ https://t.co/pOLb7R0nLX",0.6249,0.221,0.0,0.779,2018-10-02 13:40:50+00:00
137,cbsnews,"""I‚Äôve been to a lot of [Trump] rallies, but this is a first."" Halloween came early at last night's rally in Tenness‚Ä¶ https://t.co/EzGcGBzLoi",0.0,0.0,0.0,1.0,2018-10-02 13:23:11+00:00
138,cbsnews,"Red tide likely spreads in Florida, causing breathing problems for beachgoers https://t.co/tJtDvv47BE https://t.co/jdGZ3QqiAv",-0.4019,0.0,0.184,0.816,2018-10-02 13:04:41+00:00
139,cbsnews,"For the first time ever on Wednesday, Americans nationwide will receive an alert on their cell phones from Presiden‚Ä¶ https://t.co/ye1HX0S8MP",0.296,0.104,0.0,0.896,2018-10-02 12:50:30+00:00
140,cbsnews,"A former top FBI official, who has been in contact with those involved in the Kavanaugh inquiry, described a ""war r‚Ä¶ https://t.co/MjG4ErCrJG",-0.4767,0.076,0.165,0.759,2018-10-02 12:47:31+00:00
141,cbsnews,"This 8-year-old girl became a barber before even starting the 2nd grade, and now gives free haircuts to neighborhoo‚Ä¶ https://t.co/RSNuWqHOcQ",0.5106,0.155,0.0,0.845,2018-10-02 12:41:16+00:00
142,cbsnews,Manhunt in Tennessee for suspect accused of killing 2 in violent crime spree https://t.co/P7fnkwitjY https://t.co/TLK55CaLl0,-0.9451,0.0,0.643,0.357,2018-10-02 12:34:53+00:00
143,cbsnews,"RT @AnthonyMasonCBS: A year ago today, we lost @TomPetty His daughter, Adria Petty, talks about ‚ÄúAn American Treasure,‚Äù the new boxed set t‚Ä¶",-0.4767,0.0,0.17,0.83,2018-10-02 12:33:51+00:00
144,cbsnews,"RT @NorahODonnell: ‚ÄúThese are the most courageous women I have ever met in my life. ... to see them sob like that, you understand the pain‚Ä¶",0.6361,0.205,0.066,0.729,2018-10-02 12:21:45+00:00
145,cbsnews,"RT @CBSThisMorning: ‚ÄúThis does expand opportunity for our dairy farmers, for eggs and poultry going into Canada. And it levels the playing‚Ä¶",0.6249,0.203,0.0,0.797,2018-10-02 12:21:17+00:00
146,cbsnews,RT @CBSThisMorning: ‚ÄúThe witnesses that she named have either denied those claims or cannot corroborate... I do believe that she has suffer‚Ä¶,-0.4404,0.0,0.127,0.873,2018-10-02 12:16:26+00:00
147,cbsnews,"RT @CBSThisMorning: For the first time ever on Wednesday, Americans nationwide will receive an alert on their cell phones from President Tr‚Ä¶",0.296,0.095,0.0,0.905,2018-10-02 12:15:59+00:00
148,cbsnews,RT @CBSThisMorning: ‚ÄúWhat message that sends to women in America is that we are innocent until proven guilty in this great country. And I h‚Ä¶,0.5719,0.215,0.092,0.693,2018-10-02 12:15:59+00:00
149,cbsnews,"Death toll in earthquake, tsunami death toll in Indonesia passes 1,200 as officials continue to look for victims‚Ä¶ https://t.co/Z6UR2lRMdP",-0.8316,0.0,0.315,0.685,2018-10-02 12:04:30+00:00
150,cbsnews,"RT @CBSThisMorning: .@Amazon announced this morning it will increase its minimum wage to $15 an hour. The change, starting next month, appl‚Ä¶",0.3182,0.099,0.0,0.901,2018-10-02 11:53:35+00:00
151,cbsnews,RT @CBSThisMorning: Last night the @CBSThisMorning team won an Emmy for @NorahODonnell's report on sexual assault in the United States Air‚Ä¶,0.4019,0.23,0.134,0.636,2018-10-02 11:53:11+00:00
152,cbsnews,"RT @NorahODonnell: COMING UP ON @CBSThisMorning - @SenJoniErnst speaks to us about the #Kavanaugh nomination: ""in the United States, people‚Ä¶",0.4215,0.135,0.0,0.865,2018-10-02 11:53:11+00:00
153,cbsnews,New Mexico Democratic congressional candidate showcases her gun skills in ad https://t.co/Mp26G3E7bu https://t.co/gM1WmKssyB,-0.34,0.0,0.167,0.833,2018-10-02 11:50:43+00:00
154,cbsnews,Tropical Storm Rosa set to drench Arizona and the Southwest with heavy rainfall https://t.co/YB5GFsmeXW https://t.co/n8HOVLmSug,0.0,0.0,0.0,1.0,2018-10-02 11:34:35+00:00
155,cbsnews,"RT @CBSThisMorning: ‚ÄúThis is another one of those cases where there is dread within the FBI‚Ä¶ No matter which way this goes, they're not goi‚Ä¶",-0.6249,0.039,0.184,0.777,2018-10-02 11:24:40+00:00
156,cbsnews,RT @CBSThisMorning: Indonesian authorities are desperately working to get food and other aid to victims of the devastating earthquake and t‚Ä¶,-0.8481,0.0,0.338,0.662,2018-10-02 11:24:13+00:00
157,cbsnews,RT @CBSThisMorning: Parts of the southwestern U.S. are bracing for possible flash flooding from Tropical Depression Rosa as it moves in fro‚Ä¶,-0.5719,0.0,0.15,0.85,2018-10-02 11:23:42+00:00
158,cbsnews,"Amazon says it will increase its minimum wage to $15 an hour for all U.S. workers, including part-time and temporar‚Ä¶ https://t.co/s80VZuMIRY",0.4588,0.174,0.0,0.826,2018-10-02 11:20:22+00:00
159,cbsnews,"A trio of American, Canadian, and French scientists have won the Nobel Prize in physics for their work with lasers‚Ä¶ https://t.co/xda48e7jlu",0.7906,0.28,0.0,0.72,2018-10-02 11:09:37+00:00
160,cbsnews,"RT @CBSThisMorning: We're live now with @GayleKing, @JDickerson and @NorahODonnell. Join us. https://t.co/YeIMpADEgL",0.296,0.155,0.0,0.845,2018-10-02 11:07:48+00:00
161,cbsnews,"Ahead on @CBSThisMorning; Tom Petty's daughter honors the iconic singer, a year after his death. We'll talk to Adri‚Ä¶ https://t.co/Tq9pTKqWgz",-0.1531,0.136,0.161,0.702,2018-10-02 10:50:48+00:00
162,cbsnews,"A former FBI top official describes a quote ""war room"" atmosphere around the Brett Kavanaugh inquiry. Learn what th‚Ä¶ https://t.co/NhIJVCzM5d",-0.4767,0.083,0.18,0.737,2018-10-02 10:40:41+00:00
163,cbsnews,Soccer star Cristiano Ronaldo sued by a Nevada woman who said he raped her in the penthouse suite of a Las Vegas ho‚Ä¶ https://t.co/IoAa4H9rLo,-0.6808,0.0,0.18,0.82,2018-10-02 10:25:35+00:00
164,cbsnews,"John Legend to release ""A Legendary Christmas"" album https://t.co/A8jA6syov9 https://t.co/kDf5dcvnqh",0.0,0.0,0.0,1.0,2018-10-02 10:03:03+00:00
165,cbsnews,FBI agent shot by booby-trapped wheelchair in fortified home https://t.co/DTf6q0eWUo https://t.co/pEZrWTsE64,0.0,0.0,0.0,1.0,2018-10-02 09:54:08+00:00
166,cbsnews,"""We got everybody out"": Medal of Honor recipient recalls harrowing battle https://t.co/TuqXSfABNg https://t.co/Fx0EV0R61o",0.5719,0.333,0.138,0.529,2018-10-02 09:48:04+00:00
167,cbsnews,Tropical Storm Rosa set to drench Arizona and the Southwest with heavy rainfall https://t.co/Z2PV7B0t4j https://t.co/kCemHZSLKe,0.0,0.0,0.0,1.0,2018-10-02 09:40:07+00:00
168,cbsnews,"Jon Batiste: ""You can't sit on the sidelines"" https://t.co/KIPN7Q81Tw https://t.co/RKPbpHjK6M",0.0,0.0,0.0,1.0,2018-10-02 09:33:04+00:00
169,cbsnews,Boy Scout dies after getting trapped in Michigan sand dune https://t.co/pxMfuPq6fc https://t.co/HMZOs0Um1u,-0.5267,0.0,0.236,0.764,2018-10-02 09:18:04+00:00
170,cbsnews,"Video captures runaway horse charging through sports bar, sending customers fleeing in panic https://t.co/Dhz6fk09D6 https://t.co/VjDqWkp8Vy",-0.5106,0.0,0.191,0.809,2018-10-02 09:03:04+00:00
171,cbsnews,White House authorizes broader FBI interviews in Kavanaugh review https://t.co/hxKjKl99fu https://t.co/N1xqrymc4o,0.0,0.0,0.0,1.0,2018-10-02 08:48:03+00:00
172,cbsnews,Why GE sacked CEO after just 14 months on the job https://t.co/QHobfSRYMc https://t.co/aC519jeJOV,0.0,0.0,0.0,1.0,2018-10-02 08:33:03+00:00
173,cbsnews,"Father, 2-year-old son among victims of Pennsylvania car explosion https://t.co/gaUrFMAFSf https://t.co/CYYS7tI6qT",-0.3182,0.0,0.187,0.813,2018-10-02 08:18:03+00:00
174,cbsnews,"French singer, actor Charles Aznavour dies at age 94 https://t.co/EMvDB0SUGO https://t.co/WwlEbNKrxV",0.0,0.0,0.0,1.0,2018-10-02 08:03:04+00:00
175,cbsnews,Paul McCartney reveals John Lennon's fear to 60 Minutes https://t.co/Eheq0qKXfv https://t.co/ZwIOw3VmFk,-0.4939,0.0,0.242,0.758,2018-10-02 07:48:03+00:00
176,cbsnews,"Senate candidate Mike Braun says Christine Blasey Ford's testimony ""sketchier"" than Kavanaugh's‚Ä¶ https://t.co/uyIuMbRPZI",0.0,0.0,0.0,1.0,2018-10-02 07:33:04+00:00
177,cbsnews,"Surfer dies from brain eating amoeba after visiting Waco, Texas, resort https://t.co/5B9ydgMFsl https://t.co/6PWtL75wTW",0.0,0.0,0.0,1.0,2018-10-02 07:18:02+00:00
178,cbsnews,"Soccer star Cristiano Ronaldo sued, accused of rape https://t.co/MhsSLGkQiq https://t.co/RPqOd52yoh",-0.7845,0.0,0.463,0.537,2018-10-02 07:10:06+00:00
179,cbsnews,"Trump says FBI should interview ""anybody they want"" in Kavanaugh review https://t.co/UNRuRmfc1d https://t.co/IliTSHCeL3",0.0772,0.098,0.0,0.902,2018-10-02 07:03:04+00:00
180,cbsnews,Vegas Strip lights dim as shooting's first anniversary marked https://t.co/6qVnzYyBjV https://t.co/NZhR4zSdwb,0.0,0.0,0.0,1.0,2018-10-02 06:58:06+00:00
181,cbsnews,6-year-old boy who can't play outside due to rare disease finds a friend in school resource officer‚Ä¶ https://t.co/WrPicae3oU,0.2878,0.158,0.101,0.741,2018-10-02 06:48:04+00:00
182,cbsnews,Commentary: Kavanaugh's confirmation process is not supposed to work this way https://t.co/Lq28wNaQV5 https://t.co/TpJEOq4sJr,0.0,0.0,0.0,1.0,2018-10-02 06:33:04+00:00
183,cbsnews,Officials confirm body found in creek is missing boy with autism https://t.co/IsqRvZMtmt https://t.co/dyG2shudCD,-0.296,0.0,0.155,0.845,2018-10-02 06:18:03+00:00
184,cbsnews,"Free college programs sound great, but do they work? https://t.co/uwCjexaW8u https://t.co/svajCOkZ0W",0.5719,0.343,0.0,0.657,2018-10-02 06:03:03+00:00
185,cbsnews,3rd Brett Kavanaugh accuser Julie Swetnick has history of legal disputes https://t.co/ossLPHBSFf https://t.co/503zG5A7DK,-0.1531,0.103,0.144,0.753,2018-10-02 05:48:03+00:00
186,cbsnews,"""We got everybody out"": Medal of Honor recipient recalls harrowing battle https://t.co/MDp1VHrT5I https://t.co/7MpWIu0fTI",0.5719,0.333,0.138,0.529,2018-10-02 05:33:03+00:00
187,cbsnews,Mother shot in Las Vegas shooting finally leaves hospital after nearly a year of recovery https://t.co/tXpTR57CxE https://t.co/HRYiNwfUS9,0.0,0.0,0.0,1.0,2018-10-02 05:18:03+00:00
188,cbsnews,North and South Korea begin removing mines along DMZ https://t.co/1dmsYy5yWN https://t.co/p9zHBtIS3C,0.0,0.0,0.0,1.0,2018-10-02 05:03:03+00:00
189,cbsnews,"Tropical Storm Rosa nears Baja, Southwestern U.S., carrying with it heavy rains https://t.co/Y9rLmMs78X https://t.co/KHs5041ca6",0.0,0.0,0.0,1.0,2018-10-02 04:48:04+00:00
190,cbsnews,"Some former students, employees say Apple co-founder's Woz U doesn't live up to promises https://t.co/Owipj97nMZ https://t.co/WaWNDm0era",0.3818,0.157,0.0,0.843,2018-10-02 04:33:04+00:00
191,cbsnews,HERO DELIVERY MAN: A pizza delivery driver was dropping off food at a home when he noticed a woman mouthing for hel‚Ä¶ https://t.co/htxkI498vB,0.6523,0.186,0.0,0.814,2018-10-02 04:26:45+00:00
192,cbsnews,GOP-hired prosecutor questions credibility of Kavanaugh accuser Christine Blasey Ford https://t.co/nZVkW9X9Yn https://t.co/Aw1t2FsOa4,0.0,0.0,0.0,1.0,2018-10-02 04:18:03+00:00
193,cbsnews,Boy Scout dies after getting trapped in Michigan sand dune https://t.co/w1SdXDGrEo https://t.co/GGxEZM3z7v,-0.5267,0.0,0.236,0.764,2018-10-02 04:03:04+00:00
194,cbsnews,"Soccer star Cristiano Renaldo sued, accused of rape https://t.co/zVb3udK8WB https://t.co/sBSVB6cdO1",-0.7845,0.0,0.463,0.537,2018-10-02 04:00:33+00:00
195,cbsnews,High school football player dies after injury during game https://t.co/wxARIsVnDw https://t.co/AuU90plKqL,-0.4215,0.0,0.219,0.781,2018-10-02 03:48:03+00:00
196,cbsnews,Dunkin' Donuts workers suspended over dumping water on homeless man https://t.co/rgzPieo2ll https://t.co/nD3Dk77twE,-0.6597,0.0,0.351,0.649,2018-10-02 03:33:04+00:00
197,cbsnews,White House authorizes broader FBI interviews in Kavanaugh review https://t.co/Oh1XwQ4ZLM https://t.co/0qc2nJ9EcN,0.0,0.0,0.0,1.0,2018-10-02 03:18:04+00:00
198,cbsnews,"Father, 2-year-old son among victims of Pennsylvania car explosion https://t.co/diEyx0is2B https://t.co/hJoe2KXkVc",-0.3182,0.0,0.187,0.813,2018-10-02 03:03:03+00:00
199,cbsnews,"Boy Scout, 12, dies after being hit by alleged drunk driver on Long Island https://t.co/tPtmylg3ak https://t.co/iEdlt3HV7u",-0.34,0.0,0.138,0.862,2018-10-02 03:02:07+00:00
200,cnn,RT @AC360: Is intermittent fasting the key to living longer? @drsanjaygupta joins Anderson Cooper Full Circle to answer your questions abou‚Ä¶,0.0,0.0,0.0,1.0,2018-10-02 21:47:56+00:00
201,cnn,"This district in West Virginia voted overwhelmingly for President Trump in the 2016 election. But now, a Democrat n‚Ä¶ https://t.co/knceeRsNaF",-0.0644,0.0,0.065,0.935,2018-10-02 21:46:00+00:00
202,cnn,"Rachel Mitchell did sex-crime victims a disservice | By Elie Honig, a former federal and state prosecutor, via‚Ä¶ https://t.co/ehGMVSbtva",-0.3182,0.0,0.133,0.867,2018-10-02 21:41:05+00:00
203,cnn,Emma Stone opens up about her ongoing battle with anxiety https://t.co/79Jo87rU8Z https://t.co/s25aivZc4K,-0.5106,0.0,0.301,0.699,2018-10-02 21:36:05+00:00
204,cnn,Secretary of State Mike Pompeo will travel to North Korea this weekend and meet with dictator Kim Jong Un in Pyongy‚Ä¶ https://t.co/GnpIJqXuB1,0.0,0.0,0.0,1.0,2018-10-02 21:33:20+00:00
205,cnn,JCPenney names Jill Soltau as its new CEO https://t.co/RtV2ZksNtp https://t.co/olQHyLfZ3n,0.0,0.0,0.0,1.0,2018-10-02 21:31:06+00:00
206,cnn,RT @TheLeadCNN: Former Secretary of State and Senator @JohnKerry said he believed the ‚Äúfix‚Äù was in on Kavanaugh‚Äôs confirmation because of t‚Ä¶,0.0,0.0,0.0,1.0,2018-10-02 21:27:53+00:00
207,cnn,"French Interior Minister Gerard Collomb has submitted his resignation to President Emmanuel Macron, according to sp‚Ä¶ https://t.co/rgN3DPi2TE",-0.296,0.0,0.121,0.879,2018-10-02 21:21:05+00:00
208,cnn,"RT @TheLeadCNN: New York Times reporter Russ Buettner reports that President Trump made millions by helping his family dodge taxes, and tha‚Ä¶",0.296,0.095,0.0,0.905,2018-10-02 21:12:08+00:00
209,cnn,"Sen. Lisa Murkowski, a key swing vote on Brett Kavanaugh's Supreme Court nomination, indicated that she plans to ""w‚Ä¶ https://t.co/brhgHDmEAa",0.5574,0.167,0.0,0.833,2018-10-02 21:11:07+00:00
210,cnn,"President Trump received today's equivalent of at least $413 million from his father, according to an analysis from‚Ä¶ https://t.co/hf8I1use1C",0.0,0.0,0.0,1.0,2018-10-02 21:11:04+00:00
211,cnn,"Apple is finally getting a llama emoji -- and a raccoon, bagel, frisbee and mosquito, too. Here's what to know abou‚Ä¶ https://t.co/WyOLIDxxmW",0.0,0.0,0.0,1.0,2018-10-02 21:06:06+00:00
212,cnn,S&amp;P downgrades debt-riddled GE and GE Capital https://t.co/JVYUcCojGQ https://t.co/l0VYeJPWWg,0.0,0.0,0.0,1.0,2018-10-02 21:01:05+00:00
213,cnn,The United Nations agency responsible for looking after Palestinian refugees has pulled some of its international s‚Ä¶ https://t.co/lbnXZyG39o,0.6249,0.242,0.0,0.758,2018-10-02 20:51:03+00:00
214,cnn,The organization that oversees Georgia high school sports said that there is no evidence of negligence in the death‚Ä¶ https://t.co/eGC4qVnTDU,-0.296,0.0,0.104,0.896,2018-10-02 20:41:02+00:00
215,cnn,Sen. Bernie Sanders praises Jeff Bezos after Amazon announced it is raising its minimum wage at both Amazon and Who‚Ä¶ https://t.co/UmiEakLw26,0.7003,0.274,0.0,0.726,2018-10-02 20:34:42+00:00
216,cnn,An off-duty border patrol agent planned to shoot a rifle at a target containing a highly explosive substance reveal‚Ä¶ https://t.co/93lZ8OLYsY,-0.34,0.0,0.13,0.87,2018-10-02 20:31:07+00:00
217,cnn,"RT @CNNnewsroom: ""The performance, the behavior, was quite out of bounds,"" says @HillaryClinton, of Brett Kavanaugh's hearing, adding ""ther‚Ä¶",0.0,0.0,0.0,1.0,2018-10-02 20:23:29+00:00
218,cnn,"Roger Stone built a ""dirty trickster"" image. Now Robert Mueller might build a case on it https://t.co/wK9kAPZ9Tt https://t.co/GKiyqoSmgM",-0.5859,0.0,0.255,0.745,2018-10-02 20:21:06+00:00
219,cnn,"The New York Times said it should not have allowed a staff writer who had tweeted negatively about Brett Kavanaugh,‚Ä¶ https://t.co/LscfaTCDoS",0.0,0.0,0.0,1.0,2018-10-02 20:11:05+00:00
220,cnn,"There‚Äôs no way to know the fate of Brett Kavanaugh‚Äôs Supreme Court nomination, but here are four ways it could play‚Ä¶ https://t.co/og7j03QBso",0.1779,0.096,0.067,0.837,2018-10-02 20:01:06+00:00
221,cnn,"RT @CNNnewsroom: ‚ÄúThe processes in place in the Senate were followed, the same way as they should be now,‚Äù says @SenatorRounds of compariso‚Ä¶",0.0,0.0,0.0,1.0,2018-10-02 20:00:44+00:00
222,cnn,Tencent Music has filed plans to go public in the United States in what could be one the biggest IPOs by a Chinese‚Ä¶ https://t.co/ydZ6GkewGn,0.4215,0.113,0.0,0.887,2018-10-02 19:51:04+00:00
223,cnn,"A dean at the Catholic University of America has been suspended over tweets that ""called into question the validity‚Ä¶ https://t.co/QsBUkmRwGg",-0.4767,0.0,0.147,0.853,2018-10-02 19:41:03+00:00
224,cnn,"RT @CNNnewsroom: ‚ÄúThe FBI needs to do a full investigation determining his veracity,‚Äù says Sen. @BernieSanders of the FBI‚Äôs Kavanaugh probe‚Ä¶",0.0,0.0,0.0,1.0,2018-10-02 19:35:09+00:00
225,cnn,RT @CNNPolitics: The fate of Brett Kavanaugh‚Äôs Supreme Court nomination is a complete toss-up right now. Watch The Point with CNN‚Äôs Chris C‚Ä¶,0.5574,0.146,0.0,0.854,2018-10-02 19:34:49+00:00
226,cnn,The Emerald Bay Maritime Heritage Trail just opened to scuba divers and snorkelers who want to see sunken historic‚Ä¶ https://t.co/dmQgoV0YAl,0.0772,0.064,0.0,0.936,2018-10-02 19:31:00+00:00
227,cnn,"Four men have been charged with inciting rioting and assaulting counterprotesters at last year's deadly ""Unite the‚Ä¶ https://t.co/JshchPAyBY",-0.6249,0.0,0.242,0.758,2018-10-02 19:29:41+00:00
228,cnn,"Sen. Bernie Sanders, who has previously criticized Amazon's treatment of its workers, praised CEO Jeff Bezos Tuesda‚Ä¶ https://t.co/OQaWxDaspA",0.1779,0.147,0.115,0.737,2018-10-02 19:21:07+00:00
229,cnn,President Trump is speaking at a convention for the National Electrical Contractors Association. Watch on Facebook:‚Ä¶ https://t.co/HrQ4JXLc2S,0.0,0.0,0.0,1.0,2018-10-02 19:14:18+00:00
230,cnn,Donald Trump's Stormy Daniels story just keeps collapsing | Analysis by @CillizzaCNN https://t.co/sGLK7MEB1T https://t.co/216tUqje2H,-0.296,0.0,0.155,0.845,2018-10-02 19:10:46+00:00
231,cnn,"Trump: ""It is a very scary time for young men in America, where you can be guilty of something you may not be guilt‚Ä¶ https://t.co/l2pxQXaJmr",-0.7425,0.0,0.222,0.778,2018-10-02 19:05:16+00:00
232,cnn,"Sen. Graham on Brett Kavanaugh: ""If his nomination were to fall short, I would encourage President Trump to re-nomi‚Ä¶ https://t.co/AyJv6IRgGn",0.5106,0.155,0.0,0.845,2018-10-02 18:52:18+00:00
233,cnn,Sen. Lindsey Graham said he believes Supreme Court nominee Brett Kavanaugh will be confirmed ‚Äî but he encouraged Pr‚Ä¶ https://t.co/mpnKdMNqRY,0.6757,0.246,0.0,0.754,2018-10-02 18:41:14+00:00
234,cnn,More than 100 people who survived the Las Vegas shooting one year ago gathered Monday night at the site of the Rout‚Ä¶ https://t.co/4YlRHldgC7,0.5106,0.13,0.0,0.87,2018-10-02 18:40:05+00:00
235,cnn,Texas Senate candidate Beto O'Rourke apologized Monday for once writing a critical review of a Broadway musical in‚Ä¶ https://t.co/2zdNpePx4s,0.0,0.117,0.117,0.765,2018-10-02 18:30:05+00:00
236,cnn,Supreme Court nominee Brett Kavanaugh will not be teaching at Harvard Law School in January 2019. The school inform‚Ä¶ https://t.co/D0sUrwu6oa,0.5574,0.159,0.0,0.841,2018-10-02 18:20:06+00:00
237,cnn,Police say two men broke into a UPS facility in Memphis and stole 400 guns https://t.co/2wHXR0vrFs https://t.co/18VuKDenZW,-0.4215,0.0,0.157,0.843,2018-10-02 18:10:09+00:00
238,cnn,"The oldest known animal in the geological record has been identified, in a discovery that scientists are calling ""t‚Ä¶ https://t.co/41viLOx2Oe",0.0,0.0,0.0,1.0,2018-10-02 18:00:22+00:00
239,cnn,"‚ÄúIt‚Äôs part of our culture to examine ourselves, see if we're doing the right thing.‚Äù Jay Carney, Amazon‚Äôs senior vi‚Ä¶ https://t.co/je8OCsldah",0.0,0.0,0.0,1.0,2018-10-02 17:52:53+00:00
240,cnn,The third congressional district in West Virginia voted overwhelmingly for President Trump in the 2016 election. Bu‚Ä¶ https://t.co/xXxo1cl255,-0.128,0.0,0.081,0.919,2018-10-02 17:46:55+00:00
241,cnn,President Trump: ‚ÄúIt‚Äôs a very scary time for young men in America when you can be guilty of something that you may‚Ä¶ https://t.co/rjzYxQ9BPl,-0.7425,0.0,0.239,0.761,2018-10-02 17:39:03+00:00
242,cnn,Brazilian surfer Maya Gabeira just set a new Guinness World Record for the largest wave ever surfed by a woman‚Ä¶ https://t.co/dYQqWT7FPg,0.0,0.0,0.0,1.0,2018-10-02 17:31:14+00:00
243,cnn,Lake Tahoe visitors can now explore the lake's underwater exhibits via the Emerald Bay Maritime Heritage Trail‚Ä¶ https://t.co/bnJENbgQFF,0.0,0.0,0.0,1.0,2018-10-02 17:21:18+00:00
244,cnn,"These satellite images show how entire neighborhoods, and even a bridge, were wiped away in Friday's deadly earthqu‚Ä¶ https://t.co/XlypMByEvL",0.0,0.0,0.0,1.0,2018-10-02 17:18:34+00:00
245,cnn,"Missouri has lost track of more than 1,200 sex offenders and other states have a similar problem‚Ä¶ https://t.co/5FnjxevtZt",-0.5859,0.0,0.242,0.758,2018-10-02 16:59:59+00:00
246,cnn,"President Trump inspires less trust around the world than many other international leaders, including autocrats lik‚Ä¶ https://t.co/pEEJWtGCzd",0.7102,0.283,0.0,0.717,2018-10-02 16:33:14+00:00
247,cnn,"A piece of mail delivered to the Pentagon mail facility has initially tested positive for ricin, according to two U‚Ä¶ https://t.co/vffm8qjXzq",0.5574,0.159,0.0,0.841,2018-10-02 16:21:06+00:00
248,cnn,"An off-duty border patrol agent wanted an explosive gender reveal party for his family and friends, but he ended up‚Ä¶ https://t.co/ySghCNPg3b",0.4404,0.17,0.0,0.83,2018-10-02 16:15:15+00:00
249,cnn,"Amazon is raising its minimum wage to $15 an hour for all US employees, benefitting more than 250,000, plus 100,000‚Ä¶ https://t.co/2tjXel32nf",0.5574,0.195,0.0,0.805,2018-10-02 16:00:02+00:00
250,cnn,An official transcript distributed on Monday evening showed the President telling ABC reporter Cecelia Vega she was‚Ä¶ https://t.co/DbE0WVqt8s,0.0,0.0,0.0,1.0,2018-10-02 15:54:48+00:00
251,cnn,The White House has officially corrected the record on an insulting remark President Trump made toward a female rep‚Ä¶ https://t.co/ZOtlYHuPeX,-0.4939,0.0,0.151,0.849,2018-10-02 15:51:27+00:00
252,cnn,Here's why elephants have cracks in their skin https://t.co/8T4et3Pnnh https://t.co/3Eh0INfBV3,0.0,0.0,0.0,1.0,2018-10-02 15:36:56+00:00
253,cnn,Sen. Jeff Flake says his Kavanaugh vote depends on the FBI probe results https://t.co/lyYtYQD9rM https://t.co/ZMWFA0BiDx,0.0,0.0,0.0,1.0,2018-10-02 15:21:19+00:00
254,cnn,Health officials are 'very worried' as African swine fever spreads in Europe and Asia https://t.co/Q948Q06KRA https://t.co/uOrXBb0tMJ,-0.3597,0.0,0.143,0.857,2018-10-02 15:10:45+00:00
255,cnn,Mark Judge's lawyer says the FBI has completed its interview of him. He's a key witness to the alleged incident bet‚Ä¶ https://t.co/u3KHNdfD01,0.0,0.0,0.0,1.0,2018-10-02 14:56:56+00:00
256,cnn,RT @CNNnewsroom: New satellite footage from above Indonesia shows the extent of the damage from the earthquake and tsunami that hit the nat‚Ä¶,-0.4939,0.0,0.127,0.873,2018-10-02 14:47:18+00:00
257,cnn,"Death toll rises to 1,234 following Friday's devastating earthquake and tsunami in the Indonesian city of Palu, acc‚Ä¶ https://t.co/aTcY3YrRn9",-0.8481,0.0,0.325,0.675,2018-10-02 14:45:08+00:00
258,cnn,Sen. Bernie Sanders praises Jeff Bezos after Amazon announced it is raising its minimum wage at both Amazon and Who‚Ä¶ https://t.co/HDtbnJoobu,0.7003,0.274,0.0,0.726,2018-10-02 14:30:28+00:00
259,cnn,Amazon is increasing its minimum wage to $15 an hour for all US employees effective November 1. The increase applie‚Ä¶ https://t.co/7wdZW3IAJU,0.7269,0.283,0.0,0.717,2018-10-02 14:20:11+00:00
260,cnn,"An off-duty border patrol agent wanted an explosive gender reveal party for his family and friends, but he ended up‚Ä¶ https://t.co/13EbcuYzod",0.4404,0.17,0.0,0.83,2018-10-02 14:16:39+00:00
261,cnn,How Trump landed his biggest trade win yet https://t.co/KsCURtdxXU https://t.co/EVu6GvJXLO,0.5859,0.297,0.0,0.703,2018-10-02 14:06:24+00:00
262,cnn,A Georgia high school football player who came out of a game Friday night with an injury and then lost consciousnes‚Ä¶ https://t.co/QqVp8VPJmy,-0.6249,0.0,0.221,0.779,2018-10-02 13:51:40+00:00
263,cnn,14 midterm races that could change America | via @CNNopinion https://t.co/UCSk6My02W,0.0,0.0,0.0,1.0,2018-10-02 13:40:06+00:00
264,cnn,"At 120 years old, the Star Ferry is Hong Kong's oldest form of public transportation -- and the company's green and‚Ä¶ https://t.co/GxDna7LY1l",0.0,0.0,0.0,1.0,2018-10-02 13:30:00+00:00
265,cnn,"Today's top business headlines with @ChristineRomans before the opening bell on Wall Street:

- Dow, S&amp;P 500 rise o‚Ä¶ https://t.co/dRT2SI1tCJ",0.2023,0.091,0.0,0.909,2018-10-02 13:22:26+00:00
266,cnn,"Opposite-sex couples in England and Wales will be able to have civil partnerships instead of getting married, endin‚Ä¶ https://t.co/ZPt5r6SsWk",0.0,0.0,0.0,1.0,2018-10-02 13:10:07+00:00
267,cnn,"""I know the name of the boy who assaulted me. I have no reason to disrupt his life, even though mine has been upend‚Ä¶ https://t.co/gAYDWTXIjH",-0.6808,0.0,0.203,0.797,2018-10-02 13:00:07+00:00
268,cnn,"Two notable things about today's Nobel Prize in Physics:

‚Ä¢ Donna Strickland is the first woman in 55 years to win,‚Ä¶ https://t.co/lrXyzuGeGj",0.5106,0.142,0.0,0.858,2018-10-02 12:53:28+00:00
269,cnn,President Trump was personally involved in an effort to prevent adult film actress Stormy Daniels from publicly dis‚Ä¶ https://t.co/DT9kNgwIKH,0.0258,0.058,0.0,0.942,2018-10-02 12:40:06+00:00
270,cnn,A hunter in Alaska was hospitalized after the bear he shot rolled on top of him https://t.co/fMDNQ7jCqc https://t.co/zn41lWEid4,0.2023,0.101,0.0,0.899,2018-10-02 12:31:04+00:00
271,cnn,More than 100 people who survived the Las Vegas shooting one year ago gathered Monday night at the site of the Rout‚Ä¶ https://t.co/zRv0SrNVEB,0.5106,0.13,0.0,0.87,2018-10-02 12:30:06+00:00
272,cnn,Texas Senate candidate Beto O'Rourke apologized Monday for once writing a critical review of a Broadway musical in‚Ä¶ https://t.co/bCjQqeH6S1,0.0,0.117,0.117,0.765,2018-10-02 12:20:07+00:00
273,cnn,"These satellite images show how entire neighborhoods, and even a bridge, were wiped away in Friday's deadly earthqu‚Ä¶ https://t.co/earveq5DV7",0.0,0.0,0.0,1.0,2018-10-02 12:10:10+00:00
274,cnn,Amazon says it is increasing its minimum wage to $15 an hour for all US employees effective November 1. The increas‚Ä¶ https://t.co/7v1feIHOdU,0.5859,0.194,0.0,0.806,2018-10-02 12:06:21+00:00
275,cnn,Supreme Court nominee Brett Kavanaugh will not be teaching at Harvard Law School in January 2019. The school inform‚Ä¶ https://t.co/CPEV4qYRWd,0.5574,0.159,0.0,0.841,2018-10-02 11:56:12+00:00
276,cnn,"President Trump inspires less trust around the world than many other international leaders, including autocrats lik‚Ä¶ https://t.co/MnJootWNQj",0.7102,0.283,0.0,0.717,2018-10-02 11:40:07+00:00
277,cnn,"Rape allegations against Cristiano Ronaldo 'not fake news,' says accuser's lawyer https://t.co/VQNypII2qQ https://t.co/FrUzevjGJ0",-0.4847,0.14,0.257,0.603,2018-10-02 11:30:09+00:00
278,cnn,LAX will permit fliers to bring small amounts of legal marijuana through security in their carry-on bags‚Ä¶ https://t.co/ev5lV6PN8o,0.4404,0.196,0.0,0.804,2018-10-02 11:22:28+00:00
279,cnn,"5 things for Tuesday: 

- Brett Kavanaugh
- Indonesia
- Bump stocks
- Macedonia
- Southwest weather‚Ä¶ https://t.co/ADXgtqFmCR",0.0,0.0,0.0,1.0,2018-10-02 11:10:36+00:00
280,cnn,"Death toll rises to 1,234 following Friday's devastating earthquake and tsunami in the Indonesian city of Palu, acc‚Ä¶ https://t.co/1ZoXe3GDhC",-0.8481,0.0,0.325,0.675,2018-10-02 11:01:46+00:00
281,cnn,Mark Judge  -- the man who has been named as a witness to the alleged incident between Supreme Court nominee Brett‚Ä¶ https://t.co/6Ceej80k8f,0.5574,0.153,0.0,0.847,2018-10-02 10:52:05+00:00
282,cnn,"An off-duty border patrol agent wanted an explosive gender reveal party for his family and friends, but he ended up‚Ä¶ https://t.co/6kSAPXC2o9",0.4404,0.17,0.0,0.83,2018-10-02 10:44:47+00:00
283,cnn,JUST IN: Amazon says it is increasing its minimum wage to $15 an hour for all US employees effective November 1. Th‚Ä¶ https://t.co/2U853WZAP9,0.5859,0.186,0.0,0.814,2018-10-02 10:27:53+00:00
284,cnn,How Trump landed his biggest trade win yet https://t.co/aS3kVXoFC2 https://t.co/Aelj4InflV,0.5859,0.297,0.0,0.703,2018-10-02 10:20:09+00:00
285,cnn,Washington holds its breath as the FBI investigates Kavanaugh | Analysis by @CillizzaCNN https://t.co/i3EbetiWJA https://t.co/NpYHIWdfSj,0.0,0.0,0.0,1.0,2018-10-02 10:13:16+00:00
286,cnn,JUST IN: The 2018 Nobel Prize in Physics celebrates groundbreaking laser inventions. It's shared between three phys‚Ä¶ https://t.co/nl1NJjYktw,0.8555,0.385,0.0,0.615,2018-10-02 10:11:24+00:00
287,cnn,"Welcome to football's sonic revolution?

Germany's Bayern Munich is exploring the relationship between crowd noise‚Ä¶ https://t.co/SskEmqb4z6",0.4588,0.167,0.0,0.833,2018-10-02 09:59:00+00:00
288,cnn,"What's on the menu? 

Locust souffl√©. Mealworm chocolate truffles. Caterpillar lasagna.

Promoting insects as tasty‚Ä¶ https://t.co/1zR07skcIt",0.3612,0.143,0.0,0.857,2018-10-02 09:53:04+00:00
289,cnn,"""If you have other opinions, they put you in jail."" 

Rwandan opposition leader Victoire Ingabire has been released‚Ä¶ https://t.co/LCLIK3JbsA",0.0,0.0,0.0,1.0,2018-10-02 09:28:07+00:00
290,cnn,"RT @cnni: ""If you have other opinions, they put you in jail."" 

Rwandan opposition leader Victoire Ingabire has been released from jail. Sh‚Ä¶",0.0,0.0,0.0,1.0,2018-10-02 09:18:33+00:00
291,cnn,Health officials are 'very worried' as African swine fever spreads in Europe and Asia https://t.co/GWs6r7GiCV https://t.co/nZgNFDywkK,-0.3597,0.0,0.143,0.857,2018-10-02 08:57:53+00:00
292,cnn,"An explosive gender reveal party in Arizona ended up igniting a wildfire that spread over 47,000 acres https://t.co/G6nyIrypWe",0.4019,0.144,0.0,0.856,2018-10-02 08:56:03+00:00
293,cnn,"The number of people killed by the earthquake and tsunami that hit Sulawesi, Indonesia is now at least 1,234, Indon‚Ä¶ https://t.co/CFH0U0SOVz",-0.6369,0.052,0.181,0.766,2018-10-02 08:36:53+00:00
294,cnn,Are you tall? Better watch out for varicose veins https://t.co/EaCLdBmsF4 https://t.co/9FvRdFI4si,0.4404,0.225,0.0,0.775,2018-10-02 08:01:06+00:00
295,cnn,Nobel Prize in Medicine winner James Allison received a phone call from former VP Joe Biden congratulating him on w‚Ä¶ https://t.co/50esqVTdeQ,0.7964,0.283,0.0,0.717,2018-10-02 08:01:00+00:00
296,cnn,"JUST IN: 1,234 people have been confirmed dead following the earthquake and tsunami that struck Sulawesi, Indonesia https://t.co/O0j7to7esF",-0.743,0.0,0.283,0.717,2018-10-02 07:40:59+00:00
297,cnn,"A pair of conjoined twins have been flown from Bhutan to Australia, where doctors hope they will be able to operate‚Ä¶ https://t.co/C0ffIvFAd7",0.4404,0.127,0.0,0.873,2018-10-02 07:12:15+00:00
298,cnn,LAX will permit fliers to bring small amounts of legal marijuana through security in their carry-on bags -- but tha‚Ä¶ https://t.co/SouRr0nDME,0.2382,0.134,0.0,0.866,2018-10-02 07:01:03+00:00
299,cnn,"Investigators are searching for answers at the scene of a car explosion that killed three people in Pennsylvania, i‚Ä¶ https://t.co/ZeFW25niQj",-0.6705,0.0,0.2,0.8,2018-10-02 06:57:38+00:00
300,foxnews,"Agency works to end Iran's manipulation of Iraq, temper China's growing influence (via @holliesmckay) https://t.co/BxDL4pyHQe",-0.5106,0.091,0.267,0.642,2018-10-02 21:46:51+00:00
301,foxnews,RT @FoxBusiness: Bernie Sanders praises Amazon's minimum wage hike  https://t.co/TkLl2GuI58,0.5267,0.274,0.0,0.726,2018-10-02 21:44:24+00:00
302,foxnews,".@JesseBWatters on @HillaryClinton bashing @POTUS supporters: ""Every time she pops up and says something, I believe‚Ä¶ https://t.co/FOH3h17uHI",0.4404,0.162,0.0,0.838,2018-10-02 21:33:57+00:00
303,foxnews,Keystone Quiz: 'Jeopardy' Host Trebek Booed By Audience While Moderating PA Gov Debate https://t.co/KhY4hSSf1r,0.0,0.0,0.0,1.0,2018-10-02 21:23:49+00:00
304,foxnews,WHALE OF A TALE: A dedicated group of volunteers in Argentina worked for more than a day to help a seven-ton humpba‚Ä¶ https://t.co/xc3C7XLhG8,0.6908,0.251,0.0,0.749,2018-10-02 21:15:59+00:00
305,foxnews,"Sen. @ChuckGrassley wants Air Force to investigate $1280 hot cup.
https://t.co/cJGENNdyc2",0.0,0.0,0.0,1.0,2018-10-02 21:10:00+00:00
306,foxnews,".@JasonKander withdraws from Kansas City mayoral race to focus on treating depression, PTSD. https://t.co/TqYyseGAw2",-0.5719,0.0,0.222,0.778,2018-10-02 21:02:00+00:00
307,foxnews,"Senator @LindseyGrahamSC sounded off on the Kavanaugh confirmation battle Tuesday, saying that ""this is bottom.""‚Ä¶ https://t.co/CmqWlA4QvI",-0.3818,0.0,0.148,0.852,2018-10-02 20:56:23+00:00
308,foxnews,"Kentucky @GovMattBevin on new USMCA trade deal: ""This is what's been needed."" #Cavuto https://t.co/MG8lruv6MB",0.0,0.0,0.0,1.0,2018-10-02 20:48:33+00:00
309,foxnews,"Kentucky @GovMattBevin on the Russia probe: ""It's floundering, trying to find some semblance of relevance."" #Cavuto https://t.co/ELPhzLpoww",0.0,0.0,0.0,1.0,2018-10-02 20:44:31+00:00
310,foxnews,"Sen. @JimInhofe: ""With all the accusations out there, no one has corroborated on anything."" #Cavuto https://t.co/KYxlRbHDyA",-0.5423,0.0,0.243,0.757,2018-10-02 20:37:04+00:00
311,foxnews,"Georgetown professor suspended by Twitter after call for ‚Äòdeaths‚Äô of GOP senators, Kavanaugh. https://t.co/P0TbwOpL9i",-0.4767,0.0,0.193,0.807,2018-10-02 20:34:06+00:00
312,foxnews,RT @FoxBusiness: #BreakingNews: The Dow Jones Industrial Average closed at a record high. It is the 102nd record close for the Dow since El‚Ä¶,0.0,0.0,0.0,1.0,2018-10-02 20:09:06+00:00
313,foxnews,.@ShepNewsTeam is live with the ‚ÄòFox News Update‚Äô on Facebook Watch: https://t.co/Sb2cju6RMf https://t.co/CffEDcSSiF,0.0,0.0,0.0,1.0,2018-10-02 20:05:40+00:00
314,foxnews,President @realDonaldTrump speaks in Philadelphia five weeks ahead of midterm elections https://t.co/50tdnoBuvD,0.0,0.0,0.0,1.0,2018-10-02 20:01:31+00:00
315,foxnews,Envelopes sent to Pentagon test positive for ricin https://t.co/ycpmvkw9X2 https://t.co/4T8m9zVA5C,0.5574,0.286,0.0,0.714,2018-10-02 19:57:42+00:00
316,foxnews,"Clinton accuser Juanita Broaddrick demands FBI probe on Clinton rape claim, amid Kavanaugh furor (via‚Ä¶ https://t.co/OZ0UPF8q4k",-0.6908,0.0,0.239,0.761,2018-10-02 19:49:20+00:00
317,foxnews,Ford's team says they have reached out to @FBI multiple times and still have not been contacted‚Ä¶ https://t.co/Hvmdppf3tL,0.1027,0.076,0.0,0.924,2018-10-02 19:39:02+00:00
318,foxnews,"JUST IN: @SecPompeo to meet with Kim Jong Un on Sunday, State Department announces https://t.co/nCxViRI6Ea https://t.co/ypVLI14Ijo",0.0,0.0,0.0,1.0,2018-10-02 19:35:25+00:00
319,foxnews,".@POTUS: ""After years of rebuilding foreign countries, we are finally rebuilding our country.""‚Ä¶ https://t.co/bWfBmPHwq5",0.0,0.0,0.0,1.0,2018-10-02 19:27:33+00:00
320,foxnews,".@POTUS: ""We're straightening out some of these horrible deals that stole our wealth, stole our jobs, stole so much‚Ä¶ https://t.co/MHizs8flTH",-0.0772,0.13,0.142,0.729,2018-10-02 19:22:19+00:00
321,foxnews,".@POTUS: ""NAFTA was one of the worst trade deals ever made in any country at any time, and now we have a great trad‚Ä¶ https://t.co/GK9JGU7Nfc",0.0,0.136,0.136,0.728,2018-10-02 19:16:58+00:00
322,foxnews,".@POTUS: ""We're in the midst of a manufacturing renaissance."" https://t.co/xhAj9J19k5",0.0,0.0,0.0,1.0,2018-10-02 19:12:54+00:00
323,foxnews,".@POTUS: ""The stock market...is at an all-time high today."" https://t.co/jdiXb1UtWs",0.0,0.0,0.0,1.0,2018-10-02 19:08:05+00:00
324,foxnews,".@POTUS: ""This is really an incredible time for our nation. We are respected again."" https://t.co/EXN4HZooEy",0.4767,0.181,0.0,0.819,2018-10-02 19:05:06+00:00
325,foxnews,"GOP hoping to flip Montana seat red, @pdoocy reports https://t.co/q4ke8uWN2v",0.4215,0.237,0.0,0.763,2018-10-02 19:01:35+00:00
326,foxnews,".@HillaryClinton: ""For anyone who believes there's such a thing as a judicial temperament and that we want judges,‚Ä¶ https://t.co/cR0Npgb03k",0.0772,0.075,0.0,0.925,2018-10-02 18:56:13+00:00
327,foxnews,.@POTUS makes remarks on the economy and tax reform at the annual convention for the National Electrical Contractor‚Ä¶ https://t.co/6OW3HRYPdV,0.0,0.0,0.0,1.0,2018-10-02 18:55:22+00:00
328,foxnews,".@senatemajldr: ""We will be voting this week on the Kavanaugh nomination."" https://t.co/IBAR6gJ0oX https://t.co/SK5Ibvi3qq",0.0,0.0,0.0,1.0,2018-10-02 18:44:35+00:00
329,foxnews,Two envelopes testing positive for ricin sent to the Pentagon https://t.co/ycpmvkw9X2 https://t.co/QLW6DFVq73,0.5574,0.247,0.0,0.753,2018-10-02 18:41:42+00:00
330,foxnews,".@LindseyGrahamSC on Kavanaugh confirmation battle: ""This is bottom. If this is not bottom, help us all."" https://t.co/RoyP0v5RWr",-0.5938,0.0,0.245,0.755,2018-10-02 18:34:58+00:00
331,foxnews,".@LindseyGrahamSC: ""I think it's a scary time for principles."" https://t.co/XibC8DrcXl",-0.4939,0.0,0.286,0.714,2018-10-02 18:32:32+00:00
332,foxnews,".@LindseyGrahamSC on Kavanaugh confirmation battle: ""To me, this is such an emotional event now. Give the public as‚Ä¶ https://t.co/WbzIp5I2Q9",-0.25,0.075,0.123,0.802,2018-10-02 18:24:02+00:00
333,foxnews,".@LindseyGrahamSC on Kavanaugh confirmation battle: ""If this is the new normal, God help us all."" https://t.co/Jwo2XmnDV1",0.296,0.235,0.127,0.637,2018-10-02 18:19:44+00:00
334,foxnews,"Senate Judiciary Committee blasts report as ""last-ditch effort to derail the nomination"" https://t.co/KvzekNAX5M",-0.296,0.0,0.155,0.845,2018-10-02 18:16:52+00:00
335,foxnews,.@senatemajldr Mitch McConnell prepares for full Senate vote on Kavanaugh nomination to Supreme Court‚Ä¶ https://t.co/2XSuefytII,0.5574,0.205,0.0,0.795,2018-10-02 18:11:14+00:00
336,foxnews,.@HillaryClinton speaks at Day 1 of The Atlantic Festival https://t.co/wi4p8hdpba,0.4939,0.286,0.0,0.714,2018-10-02 18:09:19+00:00
337,foxnews,"On @AmericaNewsroom, Republican U.S. Senate candidate @JohnJamesMI discussed the impact of the Kavanaugh confirmati‚Ä¶ https://t.co/mrt0PArQ1V",0.0,0.0,0.0,1.0,2018-10-02 17:58:01+00:00
338,foxnews,Flag Shredded by Hurricane Florence Auctioned for $10K in Honor of Late Family Member https://t.co/7vhCH3RvmX,0.4939,0.186,0.0,0.814,2018-10-02 17:45:51+00:00
339,foxnews,"JUST IN: Two people were taken to the hospital after being exposed to a ""white powdery substance"" at Sen. Ted Cruz'‚Ä¶ https://t.co/WgIo5udhvJ",-0.0772,0.0,0.061,0.939,2018-10-02 17:42:45+00:00
340,foxnews,".@POTUS: ‚ÄúMy whole life I‚Äôve heard, ‚Äòyou‚Äôre innocent until proven guilty,‚Äô but now you‚Äôre guilty until proven innoc‚Ä¶ https://t.co/uf94qyXIGy",-0.4588,0.076,0.165,0.759,2018-10-02 17:36:48+00:00
341,foxnews,".@POTUS: ‚ÄúI thought he did very well. He‚Äôs fighting very hard for his reputation, for his family.‚Äù https://t.co/dIUvNLwZdl",-0.2648,0.11,0.204,0.687,2018-10-02 17:31:35+00:00
342,foxnews,.@POTUS: ‚ÄúA lot is going to depend on what comes back from the FBI‚Ä¶ I think that Judge Kavanaugh is doing very well‚Ä¶ https://t.co/0eWXr7XR83,0.0,0.0,0.0,1.0,2018-10-02 17:30:26+00:00
343,foxnews,.@POTUS: ‚ÄúI think the Democrats are going to like the trade bill.‚Äù https://t.co/q25ClXoHS4,0.3612,0.172,0.0,0.828,2018-10-02 17:27:04+00:00
344,foxnews,.@POTUS: ‚ÄúThe deal we‚Äôve made with Canada and Mexico has gotten tremendous reviews.‚Äù https://t.co/z0RJNJF7rQ,0.0,0.0,0.0,1.0,2018-10-02 17:26:17+00:00
345,foxnews,"President @realDonaldTrump departs Joint Base Andrews, heading to Philadelphia, Pennsylvania. https://t.co/d1tGHtx6Wz",0.0,0.0,0.0,1.0,2018-10-02 17:21:33+00:00
346,foxnews,.@RepLeeZeldin: ‚ÄúWhat we‚Äôre seeing right now is a politicization of the confirmation process and strategically to p‚Ä¶ https://t.co/kcpZgRy4Ur,0.0,0.0,0.0,1.0,2018-10-02 17:19:38+00:00
347,foxnews,"US restricts same-sex visas for diplomat partners, sets January deadline to get married or get out https://t.co/Dd5CQA0wKO",-0.3182,0.0,0.126,0.874,2018-10-02 17:13:46+00:00
348,foxnews,Kudlow: Trump's US-Mexico-Canada Trade Agreement 'Sends a Message to China' https://t.co/LHNNQfg5cy,0.4939,0.262,0.0,0.738,2018-10-02 16:50:00+00:00
349,foxnews,.@CharlesHurt: ‚ÄúThe number of people in the FBI who seem to think they are not answerable to anyone‚Ä¶ it‚Äôs staggerin‚Ä¶ https://t.co/oAaLdodXg2,0.0772,0.061,0.0,0.939,2018-10-02 16:45:00+00:00
350,foxnews,"Children waves American and Ghana flags during an arrival ceremony for @FLOTUS in Accra, Ghana on Tuesday. The firs‚Ä¶ https://t.co/SKhwR6lw5C",0.0,0.0,0.0,1.0,2018-10-02 16:40:03+00:00
351,foxnews,"JUST IN: At least two packages sent to Pentagon suspected to contain ricin, official says https://t.co/7tOqvOD7Gt",-0.2263,0.0,0.112,0.888,2018-10-02 16:32:34+00:00
352,foxnews,".@senatemajldr: ‚ÄúThe Senate will vote on Judge Kavanaugh here on this floor, this week.‚Äù https://t.co/IBAR6gJ0oX https://t.co/TVtNcYiQZq",0.0,0.0,0.0,1.0,2018-10-02 16:07:39+00:00
353,foxnews,Horse wanders into French bar after breaking loose at racetrack https://t.co/qYBlWqT3nz https://t.co/zv2vXATyGX,-0.3182,0.0,0.173,0.827,2018-10-02 16:04:00+00:00
354,foxnews,.@senatemajldr Mitch McConnell slammed Democrats on Tuesday amid the @FBI's probe of the allegations leveled agains‚Ä¶ https://t.co/xfnjX8A0zI,0.0,0.0,0.0,1.0,2018-10-02 16:01:08+00:00
355,foxnews,.@RepAndyBiggsAZ: ‚ÄúI think [Rod Rosenstein] should resign.‚Äù https://t.co/9bFeg7AiXZ,0.0,0.0,0.0,1.0,2018-10-02 15:50:44+00:00
356,foxnews,"Matilda, Trump face off in new statue display commemorating 30th anniversary of children's book‚Ä¶ https://t.co/rQeGAvfhkv",0.0,0.0,0.0,1.0,2018-10-02 15:39:47+00:00
357,foxnews,Dow climbs to all-time intraday high https://t.co/oV3TSY6fwu https://t.co/amScPA3AqH,0.0,0.0,0.0,1.0,2018-10-02 15:33:04+00:00
358,foxnews,State of play on Kavanaugh confirmation: @senatemajldr preparing to hold votes https://t.co/IBAR6gJ0oX https://t.co/z5JWMtZrvP,0.34,0.167,0.0,0.833,2018-10-02 15:24:46+00:00
359,foxnews,"Brett Kavanaugh's friend Mark Judge interviewed by @FBI, lawyer reveals https://t.co/CdJ3N1fU2X https://t.co/jFB0t3Cish",0.4939,0.225,0.0,0.775,2018-10-02 15:18:06+00:00
360,foxnews,.@FBI has not contacted Dr. Ford for interview https://t.co/CdJ3N1fU2X https://t.co/Bm3Z8uXijK,0.0,0.0,0.0,1.0,2018-10-02 15:10:47+00:00
361,foxnews,U.S. stocks surge on new trade deal https://t.co/w7zJkrq8sb https://t.co/YKPYW7t5z0,0.0,0.0,0.0,1.0,2018-10-02 15:07:27+00:00
362,foxnews,".@JohnJamesMI: ""Most people around the country are sick and tired of the partisanship‚Äî we need more leadership in W‚Ä¶ https://t.co/x8zdT2OLK2",-0.7351,0.0,0.256,0.744,2018-10-02 14:54:35+00:00
363,foxnews,".@JohnJamesMI: ""I promise that I will lead in Washington the way I led in Baghdad‚Äî I didn't fight for Democrats or‚Ä¶ https://t.co/q7XzoiCgur",0.5399,0.209,0.0,0.791,2018-10-02 14:52:56+00:00
364,foxnews,".@JMfreespeech: ""Any effort, I think to limit [the @FBI investigation], even if the Democrats are accused of delayi‚Ä¶ https://t.co/ToKp2ybHcl",-0.296,0.0,0.115,0.885,2018-10-02 14:47:57+00:00
365,foxnews,.@FLOTUS Melania Trump arrives in Ghana for first solo international trip as first lady https://t.co/z9TCGT2dRN https://t.co/oiv7srrrrX,0.0,0.0,0.0,1.0,2018-10-02 14:41:05+00:00
366,foxnews,".@SenSchumer: ""We hope that there [are] still no limitations on the @FBI investigation...They'd asked for it to be‚Ä¶ https://t.co/Cwagxa61cl",0.1779,0.131,0.1,0.769,2018-10-02 14:36:06+00:00
367,foxnews,".@SenSchumer: ""Accusing Democrats of needlessly delaying a Supreme Court nomination is galling, is hypocritical com‚Ä¶ https://t.co/6IjDxJ6tiY",-0.0258,0.177,0.232,0.591,2018-10-02 14:27:28+00:00
368,foxnews,".@senatemajldr: ""[Democrats] will not be satisfied unless they have brought down Judge Kavanaugh's nomination."" https://t.co/XhF4yT8X2p",-0.3252,0.0,0.143,0.857,2018-10-02 14:17:54+00:00
369,foxnews,".@senatemajldr: ""Democrats may be trying to move the goalposts every five minutes, but their goal has not moved an‚Ä¶ https://t.co/VebJ9eETXi",0.0,0.0,0.0,1.0,2018-10-02 14:13:40+00:00
370,foxnews,.@senatemajldr speaks on Senate floor https://t.co/ftGAZsTWi6,0.0,0.0,0.0,1.0,2018-10-02 14:10:19+00:00
371,foxnews,".@SenTomCotton: ""The Democrats are engaged in an orchestrated smear campaign to assassinate Brett Kavanaugh's chara‚Ä¶ https://t.co/m7904cHs4o",0.0516,0.141,0.13,0.729,2018-10-02 14:08:00+00:00
372,foxnews,"Larry Kudlow on new trade deal: ""We made a good deal in everybody's interest and that's why it's succeeding.""‚Ä¶ https://t.co/KgYVbHWNFW",0.7096,0.258,0.0,0.742,2018-10-02 14:04:42+00:00
373,foxnews,"Larry Kudlow on new trade deal: ""These are very good things for the U.S. economy. @POTUS has basically delivered on‚Ä¶ https://t.co/dJ4BLoJNlp",0.4927,0.138,0.0,0.862,2018-10-02 14:00:27+00:00
374,foxnews,".@SenTomCotton on the FBI investigation: ""This is not about trying to get the facts or get the proof, it's about tr‚Ä¶ https://t.co/YCoik61fk7",0.0,0.0,0.0,1.0,2018-10-02 13:56:45+00:00
375,foxnews,"RT @FoxBusiness: US wage growth hits 17-month high
https://t.co/G1cgUj8Ula",0.3818,0.245,0.0,0.755,2018-10-02 13:55:12+00:00
376,foxnews,".@jonathanvswan: ""They are all in on [Kavanaugh]. There is no plan B before the midterms."" https://t.co/LhyXGjxGA5 https://t.co/w9e3NBPd1Q",-0.296,0.0,0.128,0.872,2018-10-02 13:54:09+00:00
377,foxnews,.@senatemajldr vows Kavanaugh vote this week https://t.co/LhyXGjxGA5 https://t.co/avtXjV3Ns5,0.0,0.0,0.0,1.0,2018-10-02 13:49:55+00:00
378,foxnews,"Disabled man, 60, fights to keep Pennsylvania home as community rallies to raise funds https://t.co/p1AAhx8NX2",-0.4019,0.0,0.162,0.838,2018-10-02 13:20:00+00:00
379,foxnews,.@FLOTUS visiting hospital in Ghana today @foxandfriends https://t.co/aygJcx2w58,0.0,0.0,0.0,1.0,2018-10-02 13:15:00+00:00
380,foxnews,"President @realDonaldTrump want ""comprehensive"" but ""quick"" @FBI investigation into Brett Kavanaugh‚Ä¶ https://t.co/SQHgq83IQ7",0.0387,0.095,0.0,0.905,2018-10-02 13:14:18+00:00
381,foxnews,.@SusanLiTV on Amazon raising minimum wage @foxandfriends https://t.co/D6cCKo9lZt https://t.co/bxJb7Pqmy9,0.1779,0.175,0.0,0.825,2018-10-02 13:03:08+00:00
382,foxnews,".@FLOTUS embraces Lillian Naa Adai Sai, 8, as she receives flowers upon arriving in Accra, Ghana. https://t.co/3xxGtLDYBU",0.0,0.0,0.0,1.0,2018-10-02 13:00:01+00:00
383,foxnews,People form a human chain around the shuttered site of a country music festival where a gunman opened fire on the f‚Ä¶ https://t.co/tz8JfPvNms,0.2023,0.136,0.102,0.763,2018-10-02 12:45:00+00:00
384,foxnews,"RT @FoxBusiness: .@WhiteHouseCEA's Kevin Hassett on new trade deal: ""I think this is something that'll get broad bipartisan support."" https‚Ä¶",0.0,0.0,0.0,1.0,2018-10-02 12:29:18+00:00
385,foxnews,"RT @FoxBusiness: .@WhiteHouseCEA's Kevin Hassett on new trade deal: ""This deal is really, really putting a lot of pressure on China."" https‚Ä¶",-0.296,0.0,0.099,0.901,2018-10-02 12:27:15+00:00
386,foxnews,.@lizpeek: ‚ÄúIt‚Äôs good for the American people.‚Äù @FoxFriendsFirst https://t.co/BjLbDdDCAH,0.4404,0.266,0.0,0.734,2018-10-02 12:25:00+00:00
387,foxnews,"RT @FoxBusiness: .@WhiteHouseCEA's Kevin Hassett on new trade deal: ""We just sort of won the Super Bowl, but all three countries did becaus‚Ä¶",0.5652,0.181,0.0,0.819,2018-10-02 12:24:58+00:00
388,foxnews,RT @FoxBusiness: Trump's new trade deal: What to know  https://t.co/DB4jY4PEBw,0.0,0.0,0.0,1.0,2018-10-02 12:04:33+00:00
389,foxnews,.@POTUS awards Medal of Honor to former Army medic https://t.co/zoivKAtVPx @FoxFriendsFirst https://t.co/xqjNrW18jM,0.8519,0.508,0.0,0.492,2018-10-02 12:00:01+00:00
390,foxnews,Kimmel snubs Matt Damon during Kavanaugh recap https://t.co/h1YFw06pBW https://t.co/OZtP9gn5xF,-0.4767,0.0,0.279,0.721,2018-10-02 11:45:00+00:00
391,foxnews,RT @FoxBusiness: Amazon hikes minimum wage to $15 for all US employees https://t.co/pBHCLY6UFz,0.1779,0.124,0.0,0.876,2018-10-02 11:31:55+00:00
392,foxnews,Louis C.K. embraced by crowd at NYC comedy club during try at comeback: report https://t.co/swFftYzKu4 https://t.co/kBy06wUeBT,0.3612,0.143,0.0,0.857,2018-10-02 11:30:00+00:00
393,foxnews,The USMCA trade deal https://t.co/w7zJkr8x3B @FoxFriendsFirst https://t.co/5qzaJvP60H,0.0,0.0,0.0,1.0,2018-10-02 11:20:00+00:00
394,foxnews,.@FLOTUS arrives in Ghana @foxandfriends https://t.co/5nCRcyMdas,0.0,0.0,0.0,1.0,2018-10-02 11:15:00+00:00
395,foxnews,"New trade deal between U.S., Canada, and Mexico @FoxFriendsFirst https://t.co/w7zJkrq8sb https://t.co/zNToDwuj9U",0.0,0.0,0.0,1.0,2018-10-02 11:07:02+00:00
396,foxnews,"Death toll in Indonesian earthquake, tsunami at 1,234 https://t.co/A6BMWLXISF https://t.co/2yZiO0nbRX",-0.5994,0.0,0.302,0.698,2018-10-02 10:46:54+00:00
397,foxnews,.@FLOTUS arrives in Africa  https://t.co/YXm6vM914w,0.0,0.0,0.0,1.0,2018-10-02 10:28:37+00:00
398,foxnews,"Sen. @LindseyGrahamSC on if Kavanaugh loses a Senate floor vote: ""I would re-nominate him and I would take this cas‚Ä¶ https://t.co/SD4CalBkHt",-0.3182,0.0,0.113,0.887,2018-10-02 10:15:00+00:00
399,foxnews,.@CarleyShimkus is live with the ‚ÄòFox News Update‚Äô on Facebook Watch: https://t.co/hNrB8xzepH https://t.co/7z0YGalzFy,0.0,0.0,0.0,1.0,2018-10-02 10:10:11+00:00
400,nytimes,"As for the $1 million loan President Trump so often cites, The New York Times found that Fred Trump actually lent h‚Ä¶ https://t.co/LtGDEXO17S",0.0,0.0,0.0,1.0,2018-10-02 21:48:24+00:00
401,nytimes,The New York Times‚Äôs findings raise new questions about President Trump‚Äôs refusal to release his income tax returns‚Ä¶ https://t.co/2QJGxo0Tzm,0.0,0.0,0.0,1.0,2018-10-02 21:23:11+00:00
402,nytimes,"On May 4, 2004, the Trump children signed away ownership of the empire their father had built over 70 years. The to‚Ä¶ https://t.co/H1DbE6cZ2I",0.0,0.0,0.0,1.0,2018-10-02 21:20:11+00:00
403,nytimes,"On Nov. 22, 1997, in an episode never before revealed, Donald Trump and his siblings gained ownership of most of th‚Ä¶ https://t.co/TREtTJ6pHD",0.3818,0.11,0.0,0.89,2018-10-02 21:10:30+00:00
404,nytimes,"Clumsy at it was, Donald Trump‚Äôs failed attempt to change his father‚Äôs will brought a family reckoning about 2 rela‚Ä¶ https://t.co/6QVLMrT9YD",-0.5106,0.0,0.155,0.845,2018-10-02 21:05:00+00:00
405,nytimes,Fred Trump took prompt action to thwart his son. He dispatched his daughter to find new estate lawyers. The lawyers‚Ä¶ https://t.co/OxoYAYBbP2,0.0,0.0,0.0,1.0,2018-10-02 20:59:51+00:00
406,nytimes,"In 1990, according to previously secret depositions, Donald Trump tried to have his father‚Äôs will rewritten in a wa‚Ä¶ https://t.co/3USzEdnsJR",0.0,0.0,0.0,1.0,2018-10-02 20:55:44+00:00
407,nytimes,"Between 1989 and 1992, tax records show, 4 entities created by Fred Trump to support his children paid Donald Trump‚Ä¶ https://t.co/bLBMEgvv9R",0.5719,0.207,0.0,0.793,2018-10-02 20:51:17+00:00
408,nytimes,"As the 1980s ended, Donald Trump‚Äôs big bets began to go bust. Trump Shuttle was failing to make loan payments withi‚Ä¶ https://t.co/fdTcY4KG0e",-0.5106,0.0,0.136,0.864,2018-10-02 20:45:22+00:00
409,nytimes,"In President Trump‚Äôs version of how he got rich, he parlayed a $1 million loan from his father into a $10 billion e‚Ä¶ https://t.co/balhaT0Y0q",0.5574,0.146,0.0,0.854,2018-10-02 20:35:13+00:00
410,nytimes,"We hope you have time to read the complete investigation by @DavidBarstow, @SusanneCraig and @RussBuettner. But if‚Ä¶ https://t.co/3KRrQ19354",0.2382,0.103,0.0,0.897,2018-10-02 20:25:18+00:00
411,nytimes,What emerges from this body of evidence is a financial biography of the 45th president fundamentally at odds with t‚Ä¶ https://t.co/gsJyG94wEH,0.0,0.0,0.0,1.0,2018-10-02 20:14:17+00:00
412,nytimes,The New York Times‚Äôs findings are based on interviews with Fred Trump‚Äôs former employees and advisers and more than‚Ä¶ https://t.co/LHEXeqxf5t,0.0,0.0,0.0,1.0,2018-10-02 19:44:52+00:00
413,nytimes,"Trump declined repeated requests over several weeks to comment for this article. But a lawyer for Trump, Charles J.‚Ä¶ https://t.co/Pf01JULG2i",0.0,0.0,0.0,1.0,2018-10-02 19:40:35+00:00
414,nytimes,President Trump has sold himself as a self-made billionaire but a Times investigation found that he received more t‚Ä¶ https://t.co/lhuCsng9Wi,0.0,0.0,0.0,1.0,2018-10-02 19:26:51+00:00
415,nytimes,"Primera Air, a small low-cost airline, filed for bankruptcy and ceased flying on Monday night, leaving hundreds of‚Ä¶ https://t.co/PIC0H5zEEW",0.0,0.0,0.0,1.0,2018-10-02 18:50:05+00:00
416,nytimes,"If you're looking to help victims of the earthquake and tsunami that struck Indonesia, here is some guidance, and a‚Ä¶ https://t.co/1P56jAWnkU",-0.1531,0.108,0.172,0.72,2018-10-02 18:35:04+00:00
417,nytimes,"RT @Nate_Cohn: Virginia 2, final. Taylor (R, inc) 49, Luria (D) 41
This is probably our best result for the Republicans in weeks. Didn't ex‚Ä¶",0.6369,0.149,0.0,0.851,2018-10-02 18:10:06+00:00
418,nytimes,"""Rather than clarifying the cause of a murky issue, 'toxic' often does the opposite,"" writes Lauren Oyler https://t.co/kL0A7ZeKKj",0.0,0.0,0.0,1.0,2018-10-02 18:00:10+00:00
419,nytimes,RT @rudoren: ‚ÄòWhat the (Insert Extreme Word of Choice) Is Going On Over There?‚Äô   The imitable ‚Å¶@sarahlyall‚Å© helps readers outside the US u‚Ä¶,0.3818,0.106,0.0,0.894,2018-10-02 17:50:04+00:00
420,nytimes,"In an election year that has included alarming portents of global warming, the one place that climate change rarely‚Ä¶ https://t.co/urPRErl29O",0.0258,0.076,0.071,0.853,2018-10-02 17:45:08+00:00
421,nytimes,RT @nytvideo: About 70 percent of immigrants in U.S. prisons are being overseen by privately held companies. How did this happen? @RetroRep‚Ä¶,0.0,0.0,0.0,1.0,2018-10-02 17:35:02+00:00
422,nytimes,"Saving money, especially right after college, seems impossible. But the sooner you start, the easier it is. We prom‚Ä¶ https://t.co/G52mYPrQvS",0.5719,0.163,0.0,0.837,2018-10-02 17:25:02+00:00
423,nytimes,Plants. A fresh coat of paint. Mementos. Here's how recent college graduates make shoe-box-size spaces feel like ho‚Ä¶ https://t.co/REeASBGj20,0.5859,0.231,0.0,0.769,2018-10-02 17:10:02+00:00
424,nytimes,"RT @patrickhealynyt: Pretty cool: Alex Burns, one of our best NY Times political reporters, is texting first-hand insights, intel &amp; experie‚Ä¶",0.8658,0.35,0.0,0.65,2018-10-02 17:00:12+00:00
425,nytimes,Before and after photos show the destruction left in the wake of an earthquake and resulting tsunami that struck In‚Ä¶ https://t.co/en0SsepBam,-0.6908,0.0,0.231,0.769,2018-10-02 16:50:04+00:00
426,nytimes,"RT @Nate_Cohn: Arizona 2, final. Kirkpatrick (D) 50, Marquez Peterson (R) 39
This seat was already thought to lean Democratic, though there‚Ä¶",0.0,0.0,0.0,1.0,2018-10-02 16:40:07+00:00
427,nytimes,"Tesla said Tuesday that it produced 80,142 cars in the 3rd quarter, a 50% rise from the 2nd quarter https://t.co/t6K5iAxKKi",0.0,0.0,0.0,1.0,2018-10-02 16:30:11+00:00
428,nytimes,"RT @nytopinion: The new leading presidential candidate in the polls in Brazil is a former military officer, Jair Bolsonaro, a far-right can‚Ä¶",0.0,0.0,0.0,1.0,2018-10-02 16:20:03+00:00
429,nytimes,"The FBI has completed its interview of Mark Judge. In a statement, Judge's lawyer said, ‚ÄúMr. Judge completed his FB‚Ä¶ https://t.co/FbpaysTbBh",0.0,0.0,0.0,1.0,2018-10-02 16:10:04+00:00
430,nytimes,"RT @nytimesbooks: A Ted Talk leads to a confession ‚Äî ""my mother was a heroin addict"" ‚Äî which leads to a graphic memoir by Jarrett J. Krosoc‚Ä¶",-0.4939,0.0,0.138,0.862,2018-10-02 16:00:11+00:00
431,nytimes,"Time‚Äôs Up, the initiative created by women in Hollywood in response to the #MeToo movement, named Lisa Borders, pre‚Ä¶ https://t.co/UKIQYEuDcA",0.25,0.095,0.0,0.905,2018-10-02 15:45:05+00:00
432,nytimes,RT @karenyourish: Just four of more than two dozen potential witnesses were on the Republicans‚Äô initial list to the FBI. https://t.co/Vz0dl‚Ä¶,0.0,0.0,0.0,1.0,2018-10-02 15:30:13+00:00
433,nytimes,"After the Ivy League changed its kickoff rules in 2016, adjusting the kickoff and touchback lines by just five yard‚Ä¶ https://t.co/HsMtMQKylJ",0.0,0.0,0.0,1.0,2018-10-02 15:15:08+00:00
434,nytimes,"If Bob Woodward, journalist and author of ‚ÄúFear: Trump in the White House,‚Äù was hosting a literary dinner party, wh‚Ä¶ https://t.co/s60u9QU0HU",0.4019,0.124,0.0,0.876,2018-10-02 15:00:12+00:00
435,nytimes,"RT @emmagf: After six driver suicides in New York, taxi drivers are talking more openly about depression. ‚ÄúWhen you have nothing to do, we‚Ä¶",-0.6077,0.0,0.147,0.853,2018-10-02 14:46:04+00:00
436,nytimes,"""There's a narrative of what rape looks like and what kind of person you have to be to be a victim or a perpetrator‚Ä¶ https://t.co/npXtxzuDU1",-0.6486,0.088,0.24,0.671,2018-10-02 14:30:12+00:00
437,nytimes,RT @rpogrebin: We got the police report: Kavanaugh was involved in a bar fight at Yale in 1985 @benprotess @emilybazelon @RebeccaRuiz @Stev‚Ä¶,-0.3818,0.0,0.115,0.885,2018-10-02 14:16:03+00:00
438,nytimes,"RT @nytimesbusiness: Tesla Model 3 production is up, but the company is still having trouble delivering the cars to drivers https://t.co/lK‚Ä¶",-0.5499,0.0,0.157,0.843,2018-10-02 14:07:04+00:00
439,nytimes,A New York City bus driver involved in a fatal accident with a cyclist was found guilty of failing to yield the rig‚Ä¶ https://t.co/bfN9OccWZE,-0.9136,0.0,0.428,0.572,2018-10-02 14:00:12+00:00
440,nytimes,Here's everything you need to know for the midterm elections https://t.co/Wsqhk4vNN1,0.0,0.0,0.0,1.0,2018-10-02 13:45:08+00:00
441,nytimes,"""I think the character is incredibly important, maybe now more than ever,"" said the writer of a new Captain Marvel‚Ä¶ https://t.co/vptSUR9HYE",0.2716,0.099,0.0,0.901,2018-10-02 13:29:05+00:00
442,nytimes,RT @nytopinion: .@PaulKrugman: My guess is that Kavanaugh's privileged roots are precisely why he‚Äôs so angry https://t.co/9R4K79fdWt,-0.3272,0.131,0.192,0.677,2018-10-02 13:15:07+00:00
443,nytimes,Morning¬†Briefing: Here's what you need to know to start your day https://t.co/wXfjnUG3Wd https://t.co/prXeCCDyYw,0.0,0.0,0.0,1.0,2018-10-02 13:00:12+00:00
444,nytimes,"In an election year that has included alarming portents of global warming, the one place that climate change rarely‚Ä¶ https://t.co/jRRjeURwY0",0.0258,0.076,0.071,0.853,2018-10-02 12:44:03+00:00
445,nytimes,Brett Kavanaugh's friends and former classmates have painted contrasting images of his past. Seth Meyers seized on‚Ä¶ https://t.co/BDOfTR1Aix,0.4767,0.154,0.0,0.846,2018-10-02 12:30:10+00:00
446,nytimes,"Across the Carolinas, Florence remains far from over https://t.co/VxAHK484Af https://t.co/jtY6xN1DNx",0.0,0.0,0.0,1.0,2018-10-02 12:14:04+00:00
447,nytimes,"Charles Aznavour's career spanned the history of the chanson realiste, the unvarnished tales of unrequited love, lo‚Ä¶ https://t.co/VEsYuHDGVv",0.6369,0.198,0.0,0.802,2018-10-02 12:10:07+00:00
448,nytimes,"Your daily @DealBook Briefing:

‚Ä¢ What's wrong with California's board quota plan.

‚Ä¢ GE's new chief has a lot to f‚Ä¶ https://t.co/jJ4GyJ5zez",-0.4767,0.0,0.147,0.853,2018-10-02 12:00:14+00:00
449,nytimes,"Officials said that at least 1,234 people in Indonesia had died. Others, still uncounted, lie in the rubble of ruin‚Ä¶ https://t.co/VW8Ec3DZ5n",-0.5574,0.0,0.153,0.847,2018-10-02 11:45:05+00:00
450,nytimes,"Louis C.K. returned to the Comedy Cellar, where a new policy lets uncomfortable customers leave, their check picked‚Ä¶ https://t.co/pZQZ655KPR",-0.0772,0.117,0.178,0.704,2018-10-02 11:30:11+00:00
451,nytimes,"More of Brett Kavanaugh's former classmates are now coming forward with personal stories 
https://t.co/PEKa867VgI",0.0,0.0,0.0,1.0,2018-10-02 11:15:07+00:00
452,nytimes,American and Chinese Warships came perilously close to colliding in the disputed waters of the South China Sea https://t.co/2qv7K4X3T3,-0.5267,0.0,0.252,0.748,2018-10-02 11:00:02+00:00
453,nytimes,Video: How the Indonesia earthquake made soil flow like water https://t.co/5NK95hKpYq,0.3612,0.2,0.0,0.8,2018-10-02 10:50:03+00:00
454,nytimes,Amazon says it will raise base pay for all its U.S. workers to $15 an hour and is planning to lobby for a higher na‚Ä¶ https://t.co/KUQPPZVqj1,0.1027,0.107,0.053,0.84,2018-10-02 10:46:39+00:00
455,nytimes,Morning¬†Briefing: Here's what you need to know to start your day https://t.co/tS6sdHdjNM https://t.co/i7FBxtd2qE,0.0,0.0,0.0,1.0,2018-10-02 10:40:06+00:00
456,nytimes,"""Increasing diversity of all kinds was always going to be a journey. We will get there. But let's not do anything t‚Ä¶ https://t.co/ygB7Yn2hJg",0.0,0.0,0.0,1.0,2018-10-02 10:31:00+00:00
457,nytimes,"Breaking News: The Nobel Prize in Physics was awarded to scientists from the U.S., Canada and France for their work‚Ä¶ https://t.co/IfzHUNcDop",0.7184,0.24,0.0,0.76,2018-10-02 10:22:55+00:00
458,nytimes,A look at the 5 senators who will decide Brett Kavanaugh's fate https://t.co/QZRA0qGVSg https://t.co/7xjVVcVEmi,0.0,0.0,0.0,1.0,2018-10-02 10:15:08+00:00
459,nytimes,RT @adamjdean: A mosque damaged by the earthquake and tsunami in #palu @nytimes https://t.co/gPy5SJRtm5,-0.4404,0.0,0.195,0.805,2018-10-02 09:49:52+00:00
460,nytimes,"RT @jotted: Excellent deep dive on China's healthcare system by @suilee. Dystopian, heart breaking and alarming. Patients make their own ca‚Ä¶",0.4939,0.153,0.062,0.785,2018-10-02 09:45:07+00:00
461,nytimes,RT @nytimesworld: A 16-year-old boy in Turkey has been sentenced to prison for kissing his 13-year-old girlfriend after teachers found his‚Ä¶,0.0772,0.147,0.175,0.677,2018-10-02 09:31:04+00:00
462,nytimes,Seven Germans have been arrested on suspicion of building a far-right terrorist organization https://t.co/8IsaAAvlyB,-0.886,0.0,0.51,0.49,2018-10-02 09:15:05+00:00
463,nytimes,"A website tallies up apologies from the Twitter accounts of 25 British rail companies. All together, they have twee‚Ä¶ https://t.co/xumnsEdDsu",0.0,0.0,0.0,1.0,2018-10-02 09:00:18+00:00
464,nytimes,A company in New Zealand that let its employees work 4 days a week while being paid for 5 said the experiment was s‚Ä¶ https://t.co/zKmIx3n6Zf,0.0,0.0,0.0,1.0,2018-10-02 08:45:03+00:00
465,nytimes,"A heckler at a political event is hardly unusual. But the woman, who was later arrested, was no ordinary heckler, s‚Ä¶ https://t.co/IFMnleuKvS",-0.7876,0.0,0.279,0.721,2018-10-02 08:30:08+00:00
466,nytimes,North Korea accused the Trump administration of demanding too much but offering too few concessions https://t.co/47VwyBaG20,-0.2617,0.0,0.179,0.821,2018-10-02 08:15:07+00:00
467,nytimes,"""While California‚Äôs impulse is clearly on the right side of history, the way the rule was enacted is so misguided t‚Ä¶ https://t.co/blW1Rr5TVG",0.4019,0.114,0.0,0.886,2018-10-02 08:00:06+00:00
468,nytimes,Photographers captured the grim and desperate aftermath of the earthquake and tsunami that struck eastern Indonesia https://t.co/oVvy4A9wwg,-0.7906,0.0,0.364,0.636,2018-10-02 07:45:01+00:00
469,nytimes,"Mai Khoi, once a conventional pop star, is now a protest singer who challenges Vietnam‚Äôs political status quo. ‚ÄúEve‚Ä¶ https://t.co/BQYUVOR0wl",-0.1779,0.067,0.104,0.829,2018-10-02 07:33:03+00:00
470,nytimes,"The death toll in Friday‚Äôs earthquake and tsunami in Indonesia has risen to at least 1,234 people, officials say https://t.co/QAusuXu2BD",-0.5994,0.0,0.17,0.83,2018-10-02 07:27:44+00:00
471,nytimes,Entire neighborhoods have been devastated in and around Palu https://t.co/E1avLeyRjA,-0.6124,0.0,0.308,0.692,2018-10-02 07:15:04+00:00
472,nytimes,This rabbi is in charge of figuring out how to deal with clean meat ‚Äî meat that is grown in laboratories from anima‚Ä¶ https://t.co/jGBf7LrLvs,0.4019,0.109,0.0,0.891,2018-10-02 07:00:15+00:00
473,nytimes,"Chad Ludington, one of Judge Kavanaugh‚Äôs Yale classmates, said the altercation happened after a UB40 concert https://t.co/2npPthWwhS",0.0,0.0,0.0,1.0,2018-10-02 06:45:06+00:00
474,nytimes,Map: The scale of the destruction of the Indonesia tsunami that left more than 800 people dead https://t.co/yFtezqCN1u,-0.8402,0.0,0.333,0.667,2018-10-02 06:30:06+00:00
475,nytimes,RT @nytrealestate: Looking to buy an apartment in Manhattan? Now might be the time ‚Äî regardless of your budget https://t.co/Yn0h5serxI,0.0,0.0,0.0,1.0,2018-10-02 06:15:09+00:00
476,nytimes,Tesla has reported that it is selling almost all of the cars it is making. But internet sleuths have found large nu‚Ä¶ https://t.co/RYLJnujaX5,0.0,0.0,0.0,1.0,2018-10-02 06:00:02+00:00
477,nytimes,That Silicon Valley billionaire who wants to close a road to the beach because it runs through his property? The Su‚Ä¶ https://t.co/ewEuvi1obb,0.0,0.0,0.0,1.0,2018-10-02 05:45:08+00:00
478,nytimes,"Antonio Delgado, who is running for Congress in New York, is a Rhodes scholar and Harvard Law graduate. The G.O.P.‚Ä¶ https://t.co/gvtO0JbCEM",0.0,0.0,0.0,1.0,2018-10-02 05:30:02+00:00
479,nytimes,RT @photojournalism: Tomorrow's front page story on the tsunami aftermath by @adamjdean @hkbeech and @RCPaddock https://t.co/DMU3sZBkFP htt‚Ä¶,0.0,0.0,0.0,1.0,2018-10-02 05:21:48+00:00
480,nytimes,"RT @ElisabethMalkin: Tuesday is the 50th anniversary of the Tlatelolco massacre, when Mexican soldiers massacred Mexican students. My story‚Ä¶",0.0,0.0,0.0,1.0,2018-10-02 05:15:04+00:00
481,nytimes,"Louis C.K. unexpectedly returned to the Comedy Cellar, where a new policy lets uncomfortable customers leave, their‚Ä¶ https://t.co/t1U8u7pZVy",-0.0772,0.123,0.187,0.69,2018-10-02 05:00:49+00:00
482,nytimes,"In her first big solo trip abroad, Melania Trump is scheduled to visit 4 African countries in the span of a week: G‚Ä¶ https://t.co/QbeeVlg7v0",0.0,0.0,0.0,1.0,2018-10-02 04:47:04+00:00
483,nytimes,"Voters in Quebec selected a center-right party to take control of the provincial government, in the first election‚Ä¶ https://t.co/4fSIXlIDXX",0.4019,0.137,0.0,0.863,2018-10-02 04:32:06+00:00
484,nytimes,"In Tennessee, President Trump went on an insult spree against his potential 2020 opponents: Joe Biden, Elizabeth Wa‚Ä¶ https://t.co/HXP2dxrzrp",-0.5106,0.0,0.155,0.845,2018-10-02 04:17:04+00:00
485,nytimes,"Days after the Indonesia tsunami, hungry residents were begging for aid, armed men were foraging shuttered stores,‚Ä¶ https://t.co/6SF1cTpr0B",0.0,0.0,0.0,1.0,2018-10-02 04:02:02+00:00
486,nytimes,"RT @JohnBranchNYT: Update from a year ago: The girls still play soccer. They‚Äôre on different teams now, so I don‚Äôt know if Stacee‚Äôs daughte‚Ä¶",0.34,0.103,0.0,0.897,2018-10-02 03:53:04+00:00
487,nytimes,It's estimated that around 30% of ambulance rides are unnecessary. That's an expense that adds up. https://t.co/vI0NCo6MRO,0.0,0.0,0.0,1.0,2018-10-02 03:47:04+00:00
488,nytimes,"RT @nytopinion: The privilege of being a white man isn‚Äôt what it used to be. That racial resentment, @PaulKrugman writes, is what drives su‚Ä¶",-0.1027,0.095,0.11,0.795,2018-10-02 03:32:02+00:00
489,nytimes,"A year ago, Regina Harris and Billy Bob Mason were among those who fled a music festival in Las Vegas. On Monday, t‚Ä¶ https://t.co/vmFhQkRKIo",0.4939,0.132,0.0,0.868,2018-10-02 03:22:04+00:00
490,nytimes,RT @SherylNYT: Democrats are pushing a new line of attack against Brett Kavanaugh: Questions about his truthfulness &amp; temperament. My lates‚Ä¶,-0.1027,0.113,0.13,0.756,2018-10-02 03:11:04+00:00
491,nytimes,"Senator Jeff Flake says the new investigation of Judge Kavanaugh should look fully at any ""current, credible"" alleg‚Ä¶ https://t.co/EMNNBaI7yZ",0.0,0.0,0.0,1.0,2018-10-02 03:02:07+00:00
492,nytimes,Drug lords kill witnesses. Here's how the ones in El Chapo‚Äôs case are being protected. https://t.co/y7xc56EVp6,-0.4215,0.134,0.218,0.648,2018-10-02 02:47:06+00:00
493,nytimes,"Who the FBI has interviewed in the Kavanaugh investigation ‚Äî and who it has not
https://t.co/atgqqXfxDC",0.0,0.0,0.0,1.0,2018-10-02 02:32:05+00:00
494,nytimes,"RT @emmagf: It's official. The Verrazzano-Narrows Bridge now has two z‚Äôs. As Gay Talese (who covered the bridge opening in 1964) told me, ‚Äú‚Ä¶",0.0,0.0,0.0,1.0,2018-10-02 02:17:00+00:00
495,nytimes,Jemele Hill discussed her move to The Atlantic after parting ways with ESPN https://t.co/YYASRz8LnY,0.0,0.0,0.0,1.0,2018-10-02 02:03:11+00:00
496,nytimes,"When you think of great stand-up comics of the 1970s, Elayne Boosler should come to mind, but she's the master who'‚Ä¶ https://t.co/TSFXuYfAcO",0.3716,0.108,0.0,0.892,2018-10-02 01:47:04+00:00
497,nytimes,Applying for your first job out of college? Not having much luck? One recent graduate's strategy: Put yourself out‚Ä¶ https://t.co/hiojFQ77Wf,-0.4291,0.0,0.13,0.87,2018-10-02 01:30:14+00:00
498,nytimes,RT @nytopinion: @tribelaw: My decades of observing the court‚Äôs work and arguing cases there convince me that Brett Kavanaugh would need to‚Ä¶,-0.25,0.08,0.12,0.8,2018-10-02 01:17:03+00:00
499,nytimes,Evening Briefing: Here's what you need to know at the end of the day https://t.co/ivaMcg6qRW,0.0,0.0,0.0,1.0,2018-10-02 01:02:06+00:00
